出表日期,報告年度,公司代號,公司名稱,用水量(公噸),資料範圍,用水密集度-密集度(公噸/單位),用水密集度-單位,取得驗證,水資源管理或減量目標
1111005,110,1101,台泥,2996430.0000,台泥台灣個體公司 (涵蓋營運集團總部、研究室、2座水泥廠、25座製品廠),0.4821,產品,ISO 50001,"管理 : 台泥秉持「不浪費一滴」為原則，將水資源列為永續發展核心。相較科技業，水泥業為乾式製程雖非耗水產業，但亦重視水資源議題，建立水管理制度與優化設備，提升用水效率，並制定用水目標和規劃AI水足跡分析平台，檢視並追蹤各廠用水狀況，掌握集團用水或回收熱點。
目標 : 2030年台灣水泥廠目標用水強度下降50%"
1111005,110,1102,亞泥,2462000.0000,亞泥個體公司,0.6680,產品,N,"為達到更有效的水風險管理，亞泥設定3個用水指標及目標，且亞泥花蓮
廠已於2021年著手導入ISO 46001:2019水資源效率管理系統，預計2022年取
得驗證，以期能有效落實管理水資源並達成目標。
2021年亞泥水回收率為85.9%達成回收率目標，單位水泥膠結材料取水量
為0.668噸/噸亦達成水效率目標，而淨淡水耗水量為2,24千噸，未達成絕對減
量目標。因耗水量會隨著產量而變化，亞泥將持續提升用水效率以達成絕對減
量目標。"
1111005,110,1103,嘉泥,122.0000,包含企業團所有台灣營運據點（用水量含總部嘉新大樓承租戶）及日本沖繩飯店；目前統計尚不含大陸地區。,0.0555,"營業額 2,197,183 (仟元)",N,目前尚未設定量化目標。但以逐年統計水資源耗用量並排定節水規劃；如飯店設置雨水回收系統、使用省水認證衛生設備等提升用水使用效率。
1111005,110,1104,環泥,19100.0000,母公司之阿蓮水泥廠、海湖石膏板廠、直屬七座預拌混凝土場之自來水用量,0.0050,產值(新台幣千元),N,"1. 宣導珍惜水資源，以廠區用水效率最大化為原則。
2. 製程廢水回收再利用於廠內，並運用於道路灑水、抑制粉塵等降低空氣污染。
3. 優先採用節水型設備及省水器材，降低無效用水。"
1111005,110,1108,幸福,972782.0000,幸福水泥(股)公司東澳廠,1.5720,產品,N,無資料
1111005,110,1109,信大,224407.0410,僅信大母公司南聖湖工廠,,,N,本公司南聖湖廠水資源區分為地下水及自來水，本公司每年均依法向宜蘭縣政府申請使用地下水水井；自來水部分則每月依台灣自來水公司帳單紀錄用量，本次揭露用水量含括地下水及自來水用量。目前本廠製程冷卻用水全回收再利用。
1111005,110,1110,東泥,17600.0000,工廠,0.0253,產品,N,"利用水循環回收再利用,每年減少使用10%用水量為目標"
1111005,110,1201,味全,1906416.0000,"1.母公司(含總公司、中央研究所、營業所、台中廠、斗六廠、高雄廠)
2.台中廠、斗六廠為地下水1,307,550公噸佔68.6%，總公司、中央研究所、營業所、高雄廠為自來水598,866公噸佔31.4%。",12.8200,產品,N,"1.水資源管理
(1)訂定水資源之使用效率及水資源回收再利用之節水政策。
(2)台中廠、斗六廠、高雄廠實施水回收管理：將水塔冷卻水回收後作環境清潔用水。
2.水資源減量目標：目標1.8% (回收水/三廠總用水量)
(三廠殺菌冷卻水回收及軟化水系統逆洗頻率延長節水等)"
1111005,110,1203,味王,325390.0000,自來水+地下水,146.4570,營業額,N,1.降低設備水資源用量。2.定期檢查廠區原水與製程用水管線，避免水資源洩漏，造成浪費。3.持續進行節水宣導，鼓勵員工節約用水。4.提升回收水再使用，降低對原水的依賴。
1111005,110,1210,大成,,,,,N,依「上市櫃公司永續發展路徑圖」規劃時程制訂
1111005,110,1213,大飲,98.5870,僅母公司,,,NA,NA
1111005,110,1215,卜蜂,922914.0000,南投肉食品加工廠、台中飼料廠、高雄飼料廠,,,N,本公司飼料廠及肉食品加工廠皆設有廢水處理設備，由專人負責處理。近年也因產量提升，陸續增設汙水處理設備與加強廢汙水管理，符合排放標準納入工業區汙水處理廠，並有效控制與低於政府公告之排放標準值。
1111005,110,1216,統一,4232747.0000,僅母公司,992.9700,營業收入千萬元,N,"1.	依經濟部水利署耗水費相關議題，進行控管用水平衡與用水回收率，並每月彙整各總廠水資源使用狀況及分析比較。
2.	生產廠導入節水專案，例如: 製程清洗回收水再利用專案、製程冷卻水耗用改善案..等。(預估年省水15,000m3)
3.	監控各廠水資源使用量及各區水情資訊
4.	廢水排放水質目標管理與監測
5.	成立水情因應小組，建立限水應變計畫"
1111005,110,1217,愛之味,416493.0000,母公司自來水用量,58.7000,產品,N,本公司將規劃利用中水回收系統，將管末廢水回收再利用至廁所馬桶清洗用水或外圍地板以及澆灌使用，因此以2021年為基期，目標設定在2025年達到減少5%的用水量
1111005,110,1218,泰山,616697.0000,泰山企業所屬田中油脂廠、田中食品廠、水產飼料廠、田中行政大樓、台北長安大樓辦公室。,71.5430,營業額,N,已研議食品廠非製造用水再循環與設備，增加用水有效性。
1111005,110,1219,福壽,396858.0000,母公司、子公司,0.0268,營業額,N,"執行水資源回收措施，將製程冷凝水、冷卻水及廢水回收再使用，110年回收再使用總量17,767公噸、109年回收量15,063公噸，回收再使用水資源增加15.21%。預計2025年回收使用量增加到11,017噸、2030年增加到14,196公噸。2021年均已達標，後續視情況再調整、設立目標。子公司洽富實業正進行水足跡盤查作業。"
1111005,110,1220,台榮,790354.0000,本公司雲林廠及高雄飼料廠,29966.1534,營業額(億元),N,製程設備冷凝水回收使用
1111005,110,1225,福懋油,58085.0000,涵蓋範圍:僅母公司,,,N,增加水循環利用率
1111005,110,1227,佳格,427914.0000,佳格母公司,0.3420,萬元營業額,N,"本公司總核定地下水取水量564,368噸，110年實際取水量427,914噸，使用率為76%，保留合理裕度。"
1111005,110,1229,聯華,51.7700,"母公司-聯華實業投資控股(股)公司以及
子公司-聯華製粉食品(股)公司、聯華置產(股)公司",0.0082,營業額;單位為新台幣佰萬元,N,"聯華投控總部所在地為一般辦公大樓，主要為民生用水需求，用水100%為自來水，不會對任何水源造成衝擊。在總部大樓內，除洗手台使用感應式出水、小便斗使用感應式沖廁外，另定期檢視大樓給水系統壓力，確保水源無不正常流失；另戶外澆灌系統搭配雨水感知器，於下雨時自動停止澆灌，節省大樓用水。
聯華製粉食品富岡工廠持續推動節約用水措施，從辦公室到生產製程，如水龍頭上加裝省水閥、洗手台改為感應式出水、小便斗使用感應式沖水；
在生產製程潤麥中，藉由機器設備的輔助，有效率減少自來水用量等，有效提升水資源之使用效率。另外，每週巡檢供水系統並建立資料庫，以監控供水狀況;
在地下水管理推動方面，本公司廠內二口地下水井皆已導入「智慧量水設備」，更換為電子水表並將使用數據直接傳輸雲端，以更有效控管地下水源，避免超抽情況發生。"
1111005,110,1231,聯華食,,,,,N,無資料
1111005,110,1232,大統益,236050.0000,僅母公司,0.2370,黃豆總加工量,N,"1. 關注最新耗水費法規，推動盤查廠內水資源使用狀況
2. 建置儲水槽，提高廠內用水的安全庫存量至1,500噸
3. 提高製程排放水回收率(R2)
4. 管控製程冷卻水的導電度排放標準，以減少自來水用量及廢水排放量"
1111005,110,1233,天仁,87230.0000,本公司天仁茶業股份有限公司直營單位,78.9026,分母以營業額為百萬元之計算,N,尚未制定
1111005,110,1234,黑松,809000.0000,中壢廠,4.1200,產品,N,"管理政策：
水是飲料生產的核心，為維護食品安全衛生，本公司高度重視水源品質檢驗管控，同時積極管理水資源有效利用與廢水排放的管理，以降低用水對環境衝擊。本公司制定相關水處理系統之操作與保養作業標準，確保本公司用水符合主管機關相關規定；此外，本公司亦建置節水措施，擷取生產過程中可回收利用的水提高水循環利用率，減少水資源耗用，例如：將水處理系統排放水、洗瓶水等較高清潔度的排放水配合增設分流管制設備，循環、淨化、再利用，以提高水循環利用率。本公司於109年提出114年製造1噸產品的總用水量減少10%(109年為基準年)，並據此逐年提出各年度目標及策略。110年製造1噸產品的總用水量從4.34噸降至4.12噸。
目標：
至114年，將水耗用率(製造1噸產品的總用水量)從4.34噸降至4.0噸。
策略：
1.每月比對耗水量，顯著差異之用水點，監控、檢討、改善。
2.依作業修訂最適CIP作業方式，減少耗用水量。
3.生產用水源頭改善、生產用水循環利用、管末可利用水回收等3類型之節約用水策略與節水控管，積極提昇廠區之水資源使用效率。"
1111005,110,1235,興泰,3310.0000,依110年台灣自來水公司使用度數資訊,0.0806,營業額,N,廠內部份用水可提供回收再利用為生活用水及園區綠化使用
1111005,110,1236,宏亞,47513.0000,母公司,0.0000,營業額,N,建置廠區廢水處理系統及雨水回收池，提供沖洗和園區植栽澆灌，讓每一滴水達到最高效能的運用。
1111005,110,1256,鮮活果汁-KY,175016.0000,集團主要營運主體，子公司蘇州鮮活飲品股份有限公司,48.5860,營業額,N,無
1111005,110,1301,台塑,24602210.0000,母公司2020年經第三方查證數據，請參閱本公司2021年永續報告書P.73,17679.4600,耗水量/當年度個體財報營收(億元)，請參閱本公司2021年永續報告書P.73,ISO 14046,產品單位用水量較前一年平均值減量5%
1111005,110,1303,南亞,20830240.0000,母公司,0.0958,單位:公噸/110年個體營業額(千元)。,ISO 14046,"1.持續採用世界資源研究所(WRI)建立的水資源情境模擬工具，模擬評估水資源匱乏時的潛在衝擊，並適時研擬對策。
2.持續推動水資源循環再利用，降低廢水排放，確保排放水質符合法令規定。
3.各廠處應持續檢討節水改善與提升雨水回收率，提高水資源使用效率。"
1111005,110,1304,台聚,998098.0000,台聚高雄廠,4.0020,產品,ISO 46001,"2021年目標
1.每年節水1%
2.回收減少水資源排放5,280公噸"
1111005,110,1305,華夏,2964600.0000,華夏頭份廠、華聚林園廠、台氯林園廠,2.6200,產品,N,"1.承諾每年提升回收水量比率5.2%。
2.加大HBF回收量減少自來水用量。
3.評估超過濾設備回收放流水使用。
4.單位內部再檢討用水狀態及加強巡檢防止漏水、溢流。
5.評估使用再生水作為新水源可能性。"
1111005,110,1307,三芳,165861.0000,母公司,219.3900,百萬營業額,N,見年報資料p65
1111005,110,1308,亞聚,508888.0000,亞聚林園廠,3.7400,產品,N,"1. 冷凝水回收、冷卻水塔冷卻水循環利用，2021年用水回收率(R1) 99.2%；
2. 規劃配合高雄市政府廢水回收政策，研擬部分用水使用廢水回收廠之再生水；
3. 放流水優於法規下，經由地下管線排放至林園工業區廢水處理廠處理；
4. 政府因缺水問題，階段性限水之因應措施。"
1111005,110,1309,台達化,1110246.0000,前鎮廠、林園廠、頭份廠、中山廠,1.9500,產品,N,"1.放流水符合排放標準
2.單位產品耗水量減少
3.持續推動廢水回收再利用"
1111005,110,1310,台苯,1427585.0000,110年高雄廠原水用量。,3.7700,產品,N,每年訂定單位產品之用水量標準值，並列為本廠之重點管理目標，每日由統計用量並檢視水耗用比值狀況。
1111005,110,1312,國喬,2469000.0000,國喬石油化學股份有限公司高雄廠,135.9300,營業額,N,鑒於近年來氣候變遷造成水環境急遽變化，澇旱發生交替越趨頻繁，外界利害關係人對於水資源議題日益關切。為及早因應複雜之水資源問題，有效整合預防、節約等管理概念，本公司已完成水風險因子鑑別與因應，並依循水資源管理政策與承諾執行水回收。
1111005,110,1313,聯成,142250.0000,聯成林園廠,,,N,"1.提升中水處理能力，循環再利用。
2.收集雨水節約再利用。
3.減少產品轉換設備清洗。
4.收集冷凝水，提高節水及熱回收。"
1111005,110,1314,中石化,8856000.0000,僅母公司,0.0003,"用水量:8,856,000公噸，營業收入:35,163,380仟元",N,"【水資源管理】：以「廢水零排放」為終極目標，秉持「盤點」、
「減量」與「循環」三原則，在水資源管理深耕發展，並根據三原
則，延伸規劃「廢水減量」、「廢水回收」、「新增水源」、「廢
水零排放」四大階段，逐步提升用水效率之改善計畫與策略；第一
階段先以熱整合之節水、智能化控制、廢水減量減排以達到「廢水
減量」；第二階段以廢水回收之概念則將製程冷凝水、蒸汽冷凝水
、超純水回收利用；第三階段則藉由雨水回收及使用廠外供應之再
生水來新增水源作為；最後階段以廢水零排放為目標，將排放冷卻
水回收利用、生化二級處理之放流水回收及熱處理回收水，藉由以
上階段來有效達成水資源管理。
【減量目標】：以基準年(2014年)之每公噸產品耗水量為基礎，設
定每年2%的節水目標，預計到達目標年(2030年)可將用水量降至基
準年的68%。2021年中石化三廠共進行12個新節水計畫，預計年化
節水效益可達321,955公噸。2021年三廠節水目標為165,098公噸，
實際節水效益達139,074公噸，達成率為79.7%。雖然未能達到年度
目標，但中石化的製程用水回收率已接近100%。未來我們將完善各
項節水措施與計畫，逐步提高效果以實現2030年的節水目標。"
1111005,110,1315,達新,4590.0000,母公司,,,N,本公司透過行政管理，加強宣導，以每年至少降低1%的碳排量為減量目標。
1111005,110,1319,東陽,701176.0000,母公司,51.0600,百萬營業額,N,2021年水回收量佔自來水使用量8.3%；2030年水回收量將佔自來水使用量10%。
1111005,110,1321,大洋,96.8400,母公司,0.6834,產品,N,節水、中水回收、以2019年密集度為基準每年降1%
1111005,110,1323,永裕,146951.0000,"台灣永裕 71740公噸
上海永裕 71926公噸
威瑪精密化學 3285公噸",0.0376,台灣永裕 (71740)/1907428千元=0.0376,N,"甲、	水源開發:設立雨水集槽區,回收使用,同時引用地下水使用。RO廢水回收使用。
乙、	製程用水循環再利用。
丙、	加裝物理性除垢裝置（防止管路設備腐蝕,節水10%）。
丁、	每月掌握水資源管理績效及台灣水情等資訊。
戊、	海報、標語與教育課程等多元方式宣導，讓節水觀念融入規劃、設計、生產      及至辦公生活的每個細節。
節水目標:每年減少自來水使用量1%以上"
1111005,110,1324,地球,39128.3300,母公司(幼一二廠),0.0000,營業額,N,本公司長年關注水資源節能環保議題，在節水計畫方面，從全面落實日常生活節約用水做起，將可利用之水資源發揮更大效益。廠區投入多項改善措施，運用水資源管理及節水技術，致力於水資源回收再利用。
1111005,110,1325,恆大,,,,,N,無資料
1111005,110,1326,台化,32967200.0000,110年母公司、台化出光及台醋公司之台灣廠區,13540.0000,營業額億元,ISO 14046,"1. 採用世界資源研究所(WRI)建立的水資源情境模擬工具，模擬評估水資源匱乏時的衝擊，並擬定對策。
2. 製程優化提高設備運轉效率，減少水資源消耗。
3. 提高雨水、製程廢水回收再利用的比率。"
1111005,110,1337,再生-KY,,,,,N,研議中
1111005,110,1338,廣華-KY,560833.0000,僅重要子公司東莞廣澤汽車飾件有限公司,3.6200,平方米(建築面積),N,工業廢水處理後40%外排，60%回收利用處理
1111005,110,1339,昭輝,100208.0000,母公司,,,N,購買廢水回收設備以達減量
1111005,110,1340,勝悅-KY,,,,,N,研議中
1111005,110,1341,富林-KY,119797.0000,僅子公司同奈廠,7.8300,產品,Higg Index (FEM),"與2020年用基線相比,在2025年水量降5%/產品。 2020年用量水基線為5,544 l&#237;t/kg 產品。"
1111005,110,1342,八貫,,,,,N,無
1111005,110,1402,遠東新,22627000.0000,統計範疇共21個生產據點,2.9300,產品,ISO 46001,生產事業107年設定單位產量取水減量目標，持續降低生產用水單位耗量，並與客戶合作一同減少水資源使用。
1111005,110,1409,新纖,1981972.0000,新光合纖 中壢廠及觀音廠用水統計表,2.0500,產品,N,"減量目標:2025年10%,2030年 20%
水資源管理:水資源優化措施
1.用水減量: 節水設備導入
2.水資源管理:
1.)各深水井加裝流量計
2.)定期進行動、淨水位量測
3.)冬季依規劃進行深水井保養
3.用水回收:
1.)水處理桶槽逆洗水回收再利用，提升用水效率
2.)現場一次冷卻水回收"
1111005,110,1410,南染,,,,,N,無
1111005,110,1413,宏洲,392110.0000,僅母公司,2.5900,產品,N,用水量減少5%
1111005,110,1414,東和,43478.0000,本公司,,,N,無
1111005,110,1416,廣豐,,,,,N,提倡辦公室節約能源
1111005,110,1417,嘉裕,,,,,N,節約用水逐年減少用水量。
1111005,110,1418,東華,3515.0000,本公司新竹廠,,,N,無
1111005,110,1419,新紡,80071.0000,母公司生產區域,0.0118,產品,N,回收代替排放，目標減少水資源投入，於2025年達到減少用水投入10%
1111005,110,1423,利華,2.2070,母公司,0.0000,元營業額,N,尚無具體規劃
1111005,110,1432,大魯閣,,,,,N,尚待擬定
1111005,110,1434,福懋,6137000.0000,台灣廠區,250.5900,營業額 百萬元(新台幣),N,請參閱本公司2021年永續報告書_環境面p.61-66
1111005,110,1435,中福,473.0000,僅母公司,39.0000,無生產活動，以平均每月用水量計算,N,宣導節約用水。
1111005,110,1436,華友聯,0.1700,僅母公司,,,N,採用省水標章之水龍頭、馬桶，同時向員工宣導珍惜水資源之觀念，以符永續發展目標。
1111005,110,1437,勤益控,,,,,N,加強節約用水宣導。
1111005,110,1438,三地開發,,,,,N,無資料，原則上採用省水標章設備以節約用水
1111005,110,1439,雋揚,,,,,N,無。
1111005,110,1440,南紡,808560.0000,仁德廠+太子廠,2.6000,產量公噸,ISO50001與ISO14001,"導入ISO14001(環境管理系統)及ISO50001(能源管理系統)並取得驗證,以系統化之方式進行管理."
1111005,110,1441,大東,,,,,N,無資料
1111005,110,1442,名軒,237.0000,母公司,,,N,未來三年下降5%
1111005,110,1443,立益物流,,,,,N,未訂定尚
1111005,110,1444,力麗,570444.0000,母公司各廠區,1.3800,產品,N,無
1111005,110,1445,大宇,,,,,N,無資料
1111005,110,1446,宏和,23572.0000,母公司,3600.0000,產品,N,無
1111005,110,1447,力鵬,4395898.0000,母公司各廠區,24.7000,產品,N,無
1111005,110,1449,佳和,2075900.0000,母公司,361.1800,產品,N,"汰換高浴比染機,目標節省5%"
1111005,110,1451,年興,704199.0000,2021年母公司總用水量,0.0880,仟元營業額,N,已在工廠裝設回收水管線，預計2022/08/31啟用。
1111005,110,1452,宏益,64039.0000,包含合併財務報表之母子公司,2.2458,產品,N,收集雨水，沉澱過濾後再利用，以達水資源減量之目標。
1111005,110,1453,大將,,,,,N,無資料
1111005,110,1454,台富,,,,,N,暫未訂
1111005,110,1455,集盛,695569.0000,母公司之5個紡織製品製造廠區,3.0000,產品,N,節約用水逐年減少用水量。
1111005,110,1456,怡華,2075.9000,台南官田廠,361.1800,服務,N,汰換高浴比染色機，目標節省5%
1111005,110,1457,宜進,557.0000,僅母公司,27.8500,員工人數,N,減少用水5%
1111005,110,1459,聯發,5853.0000,工廠,0.2427,產品,N,持續宣導節約用水，研究評估廢水排放回收及雨水回收再利用之可行性及效用。
1111005,110,1460,宏遠,2661715.0000,母公司,174.6800,產品,N,100公噸用水量 / 公噸產品
1111005,110,1463,強盛,,,,,N,減少5%
1111005,110,1464,得力,2964.0000,僅母公司,2964.0000,產品,N,"紡織業用水量最大首當其衝為染整廠，染整業因用水量大，如遇訂單滿載常導致水資源不足,還需靠抽取地下水及買水因應。但公司還是加強污水處理完後以回收水進行二次使用包括運用在防治設備及消防水以減量用水。"
1111005,110,1465,偉全,,,,,N,N/A
1111005,110,1466,聚隆,182737.0000,母公司,3.7200,產品,N,廠房辦公室設置節水設備，及使用回收水、節水宣導
1111005,110,1467,南緯,4309.0000,母公司,,,N,"本公司以2022年為基準年,在2027年達到單位產品用水量下降5%"
1111005,110,1468,昶和,,,,,N,無
1111005,110,1470,大統新創,1235482.0000,合併財務報表之母子公司之桃園廠區,171.0000,產量,N,110年~113年將以降低20%為目標
1111005,110,1471,首利,,,,,N,著重員工日常工作的節約用水觀念與設施的改善，並設定用水減量的目標。
1111005,110,1472,三洋實業,,,,,N,無資料
1111005,110,1473,台南,311623.0000,包含合併財務報表之母子公司,0.0150,產品,N,於柬埔寨廠建立車間冷凝水回收及製程廢水回收利用系統，進行汙水回收處理再利用。
1111005,110,1474,弘裕,180011.0000,母公司,,,N,無資料
1111005,110,1475,業旺,,,,,N,"由於公司並無自製生產，
故以降低辦公室使用的水量為主要目標。"
1111005,110,1476,儒鴻,2570840.0000,包含合併財務報表之母子公司,0.0716,營業額,N,"水資源管理
1.遵守當地用水及廢水排放相關法令規範
2.持續進行節水宣導，鼓勵員工提出節水方案
3.開發低用水量之生產技術
4.提升廢水回收比例，減少一次性用水
減量目標
增加廢水回收，目標2025年增至20%"
1111005,110,1477,聚陽,7534.0000,台北總公司,0.2604,營業額(百萬元),ISAE3000、ISO14046(目前正在盤查中，預計於2022年底前盤查完，並取得查證聲明書),水資源管理：(1)導入ISO 14046水盤查，了解總部用水流向。(2)永續資訊及節水措施於電子報及電視牆每季、每月及不定時發送及撥出。(3)辦公室使用省水設備/裝置。
1111005,110,1503,士電,208600.0000,"環境面資訊以母公司之電裝廠、新豐廠、重電廠為主，
不包含台北總公司。",0.0075,百萬公升/百萬元營業額,N,每年用水量降低500 噸
1111005,110,1504,東元,184150.0000,台灣所有廠區,8.0000,營業額,N,台灣各廠區以年減2%為宣導目標
1111005,110,1506,正道,,,,,N,擬訂中
1111005,110,1512,瑞利,22827.0000,母公司,,,N,無資料
1111005,110,1513,中興電,17028.0000,母公司110年度,0.9447,營業額,N,"增加雨水收集再利用,減量目標5%"
1111005,110,1514,亞力,25533.0000,母公司,,,N,無資料
1111005,110,1515,力山,,,,,N,無資料
1111005,110,1516,川飛,,,,,N,N/A
1111005,110,1517,利奇,850.0000,母公司,,,N,安裝節水設備，鼓勵同仁節約用水。
1111005,110,1519,華城,33661.0000,僅母公司,5.3600,產品,N,未設定減量目標
1111005,110,1521,大億,,,,,N,無資料
1111005,110,1522,堤維西,108651.0000,110年,957.4000,營業額,N,持續導入回收水系統降低廠內耗水量
1111005,110,1524,耿鼎,73107.0000,母子公司,0.0429,烤漆數量,N,持續監控使用量及依照廢(污)水排放許可證處理
1111005,110,1525,江申,19584.0000,母公司,15.3500,噸/百萬元營業額,N,年度用水減量1%
1111005,110,1526,日馳,12896.0000,母公司,,,N,"取水量符合法令規定標準,排放之廢水對當地無生態重大影響"
1111005,110,1527,鑽全,22594.0000,110年,502.0888,營業額,ISO14001,採購省水設備
1111005,110,1528,恩德,,,,,N,"為提升水資源之使用效率，本公司宜妥善與永續利用水資源，並訂定相關管理措施。
本公司宜興建與強化相關環境保護處理設施，以避免污染水、空氣與土地；並盡最大努力減少對人類健康與環境之不利影響，採行最佳可行的污染防治和控制技術之措施。"
1111005,110,1529,樂事綠能,,,,,N,NA
1111005,110,1530,亞崴,,,,,N,無
1111005,110,1531,高林股,,,,,N,無資料
1111005,110,1532,勤美,129319.0000,勤美金屬成型事業處,5.6700,產品,N,水資源很珍貴，氣候變遷造成水源枯竭是全球必須共同面對的議題。水資源雖為共享資源，勤美集團亦非水資源使用密集產業，但根據世界資源研究學院（World Resources Institute，WRI）繪製之水風險地圖，各營運據點水資源壓力分別位於低至高度壓力區(台灣勤美小於10%；天津勤威20-40%；蘇州勤堡、蘇州勤美達40-80%)，因此在水資源的管控上，仍然依據減量、再利用與回收三項策略進行水資源管理，並建立有查漏制度及操作維護管理制度，透過定期巡檢並藉由專案改善工程、自主管理及提案改善等方式勵行節約用水政策，實際掌控廠區內用水狀況。
1111005,110,1533,車王電,30.0000,母公司,30.0000,產值,N,節約用水
1111005,110,1535,中宇,,,,,N,無
1111005,110,1536,和大,149646.0000,僅母公司,22.3800,百萬營業額,ISO14001:2015,回收水再利用
1111005,110,1537,廣隆,324636.0000,包含合併財務報表之母子公司,17.8600,仟元營業額/噸,N,"(1)將不明及未使用到的管路進行斷路工程，並降低衡壓馬達的壓力來降低用水量，增加部份水錶來管控用水量。
(2)將處理過的水體進行統一集中蓄水後，再供給其它設備再利用，以提高水資源的多元利用及減排措施。"
1111005,110,1538,正峰,,,,,N,無
1111005,110,1539,巨庭,,,,,N,提升水冷氣效能以節省用水量
1111005,110,1540,喬福,2.1770,110/01-110/12,,,N,無相關目標
1111005,110,1541,錩泰,59196.0000,僅母公司,0.0095,營業額,N,因應全球氣候變遷，供水穩定化成為各國面臨的問題。以年整體用水密集度(總用水量/百萬美元產值)下降5%為目標。
1111005,110,1558,伸興,271676.0000,合併財務報表之母子公司,0.0705,產品,AA1000 永續報告書查證聲明,請見永續報告書7.1章，本公司CSR委員會已要求集團四廠區皆須訂用水強度目標。
1111005,110,1560,中砂,1464402.6000,母公司,267.7500,百萬元營業額,N,於廠內使用水資源秉持著節約與朝向回收多次使用之方向規畫，並提倡所有員工節約用水之重要。目前朝向節水或提升回收水比例方向，目標以每年提升回收水使用率1%以上。生產製程產生之廢水，另收集後再回收使用，廠區回收水比例：鶯歌廠為6.5%、樹林廠為9.2%、新竹廠為22%；回收水再使用措施包含：水刀機製程回收水再利用、冷凝水回收與RO水回收使用。
1111005,110,1568,倉佑,16815.0000,僅母公司,14.0600,百萬營業額,N,無資料
1111005,110,1582,信錦,,,,,ISO 50001,無
1111005,110,1583,程泰,40.6200,110/01-110/12,,,N,無相關目標
1111005,110,1587,吉茂,45949.0000,110年,,,N,廠房自來水供水系統規劃完善，部份生產用水可經處理後回收再利用
1111005,110,1589,永冠-KY,318277.0000,合併財務報表之子公司,1.5900,產品,N,"為了避免氣候變遷造成的暴雨或乾旱影響，減少水資源依賴強度，逐步更換安裝具有省水標章之水龍頭、馬桶等；在製程
方面，要求改善優化製程，部分回收循環再利用，提昇水資源使用效益；另外，依各營運區域當地法規規定，由當地環保
主管機關定期採樣分析，在符合法規之前提下，更自我要求，努力於環境負荷的降低。"
1111005,110,1590,亞德客-KY,852140.0000,包含三個生產工廠，已涵蓋集團90%以上的排放量,53.9600,每百萬元產值,N,"三個生產工廠寧亞、廣亞及台亞分別設定節水目標為2025年每增加萬元銷售產值產生的耗水量需較2021年減少20%、10%及15%。
。水資源使用減量方面則為製程用水減量、建立汙水處理系統及雨水回收儲存系統、設置省水型水龍頭等節水管措施，以節約並有效利用水資源。廠區訂有節水目標，每月對實際用水超過標準用量之車間進行查驗分析，同時進行節水獎懲管理，鼓勵員工節水。"
1111005,110,1597,直得,36038.0000,母公司,24.9000,每百萬營業額,ISO 14001,"1.雨水回收：利用雨水回收槽內的雨水進行廁所小便斗、馬桶沖洗，以及植栽噴罐，以達到減少自來水用量。
2.廢研磨砂中切削液回收：製程中，研磨後會產生廢研磨砂，而廢研磨砂內含有約平均37%切削液，利用離心
脫水機將切削液濾出後再回收至機台中循環利用，減少自來水添加。"
1111005,110,1598,岱宇,21787.0000,本公司彰化一廠、二廠、五廠、台中辦公室,0.0032,營業額仟元,N,初期階段先以逐年減量為目標
1111005,110,1603,華電,,,,,N,無
1111005,110,1604,聲寶,,,,,N,籌劃中
1111005,110,1605,華新,16409420.0000,"臺灣區：楊梅廠、新莊廠、鹽水廠、臺中廠。
海外區：東莞華新、江陰華新、江陰合金、上海華新、煙台華新、常熟華新、華新精密",12.0000,產品,N,華新麗華一直致力於『水資源』妥善管理與循環利用最佳化，進行水資源風險衝擊分析與營運持續規劃；並建立源頭管理、合理化減量與回收循環再利用之水資源管理模式，確保公司水系統持續營運及提前擬定缺水危機應變機制，及透過安環資料庫 - 水資源數據平台進行各廠用水平衡分析及與歷史同期數據比較，進行管理與改善。2021年在落實「源頭管理」、「源頭減量」及「循環利用」三大主軸下，臺灣及海外廠區整體節水率持續達到 8.73%之成果。此外，因應水資源匱乏風險，除海外高風險廠區 ( 如上海華新、煙台華新 ) 採廢水零排放、中水回用外；華新麗華持續評估尋求與當地政府合作，配接水資源再生中心的再生水入廠使用，以因應氣候變遷恐導致水資源供應不穩情況之風險。
1111005,110,1608,華榮,41248.0000,涵蓋範圍僅限華榮電線電纜股份有限公司高楠工廠廠區,5.6200,百萬營業額,N,以回收循環再使用為目標
1111005,110,1609,大亞,106174.0000,大亞電線電纜,7.8000,營業額,ISO 50001,每噸成品耗水量降低20%
1111005,110,1611,中電,4984.0000,工廠,,,N,水龍頭加裝節流裝置或老舊如有損壞更換省水標章產品，使用水量降至4734公噸以下目標降5%
1111005,110,1612,宏泰,64843.0000,僅母公司,,,ISO14001,冷卻水回收再利用
1111005,110,1614,三洋電,59147.0000,母子公司,10.6375,噸/百萬元,N,廢污水、飲用水定期檢測申報，皆符合法規：ISO14001管理方案檢討水資源減量落實環境管理
1111005,110,1615,大山,9299.0000,母公司,2.0000,產品,N,"1.減少水資源浪費,增加回收使用率. 2.使用節水器具,減少水資源浪費."
1111005,110,1616,億泰,15895.0000,母公司,5.3100,營業額,N,無
1111005,110,1617,榮星,,,,,N,無
1111005,110,1618,合機,22567.0000,110年1-12月一.二.三廠自來水使用量22567噸,,,ISO14001,"1.廁所馬桶水箱如發現漏水，應即通知管理部門。
2.全體員工應隨時隨手將水龍頭關緊，避免浪費水資源，若發現水龍頭故障或洩漏時，應通知管理單位處理。"
1111005,110,1626,艾美特-KY,277845.0000,營運地深圳艾美特+九江艾美特,277845.0000,營業額,N,無資料
1111005,110,1701,中化,291076.0000,僅母公司,11.7700,營業額,N,"水資源管理:
更換節水設備、建置廢水回收循環系統，以及宣導節約用水。
目標：
以2016年為基準值，針對主要產品，從2021年對比2020年降低2%的能耗比率。"
1111005,110,1702,南僑,1628537.0000,資訊涵蓋台灣、中國大陸、泰國地區之製造單位及台灣、中國大陸餐飲事業,0.0825,營業額,N,"(1)優化產品製程、更新設備減少用水量。
(2)加強節約用水宣導，水資源回收專案啟動。"
1111005,110,1707,葡萄王,280.4300,葡萄王生技、葡眾企業,0.0348,每百萬營收,ISO 14001,"1.廢水排放完全符合法規且自主加嚴，優於放流水平均標準化學需氧量（COD）30%
2.平均綜合廢水排放削減率≧ 3%"
1111005,110,1708,東鹼,719840.8100,僅母公司,150.1200,百萬營業額,N,持續改善製程與非製程用水量，使用水密集度逐年下降。
1111005,110,1709,和益,110072.0000,僅母公司林園工廠,16.6700,百萬營業額,N,有效管理廢水處理，使排放水質符合國家放流水的標準，並定期進行廢水水質檢測，詳細請參本公司2021年ESG報告書。
1111005,110,1710,東聯,2105620.0000,母公司,0.1430,營業額；單位：公噸/仟元,N,"短期目標（2022年）: 日節水量減量2%(100公噸; 中期目標（2025年）: 日節水量減量20%(1000公噸), 計算水足跡; 長期目標（2030年）: 日節水量減量50%(2500公噸)"
1111005,110,1711,永光,824460.0000,合併財務報表之生產型廠區,88.5000,百萬元產值,ISO 14001,本公司體認水資源之有限，致力於用水回收率R2之提升；並持續精進廢水處理效能，以降低環境負荷。並訂立「用水回收率R2(%)」、「廢水處理符合率(%)」及「總取水量(ML)」等三項指標進行管理。
1111005,110,1712,興農,718567.0000,母公司王田廠區(王田廠、王田二廠、生物工廠),65.7000,植物保護產品佰萬元銷售額,N,本公司水資源管理政策採計量、減量、再利用。於各單位裝設計量表，隨時監控各項水資源耗用情形，並定期檢討單位產量之能耗。另透過工廠巡檢找出洩漏源並即時處理、改善製程、增加製程用水利用次數，減少排放。為減少地下水使用的衝擊，自109年起規劃廠區雨水回收系統，110年完成1000噸雨水回收儲槽選定及整備，預計111年起每年可節省1百萬公升取水量。另設定基準年為109年，預計至114年耗水量減少20%為目標，努力各項節水措施。
1111005,110,1713,國化,84820.0000,屏南分公司,84820.0000,產品,N,無
1111005,110,1714,和桐,17579.0000,高雄仁武廠,0.5800,產品,N,"保持水質源監控管理,定期盤查使用情形,符合法規管理要求,避免違規事情發生."
1111005,110,1717,長興,1227720.0000,包含合併財務報表之母子公司,1.8020,產品(公噸),ISO 5001 及 ISO14046:2014,每年總取用水量減少1%、每滴水使用次數於2025年達1.6次以上
1111005,110,1720,生達,147206.0000,生達一廠+生達二廠,5187.0000,營業額,N,透過節水宣導及節水措施達到減量
1111005,110,1721,三晃,194928.0000,母公司,7.9400,產品,確信準則公報第一號,透過對製程及設備了解與分析，並回收製程鍋爐用水，以降低自來水用量
1111005,110,1722,台肥,39486000.0000,母公司台中廠、苗栗廠、花蓮廠,41.7100,產品,N,為節約水資源及再循環利用，各廠亦持續執行各項節水措施，致力改善水處理系統和製程中的水資源耗用量，並提高製程產生廢水回收再利用率，如將製程中用於熱交換器之冷卻水重新回流循環使用，將水資源的衝擊減到最低。
1111005,110,1723,中碳,336000.0000,小港廠+屏南廠,336000.0000,營業額,N,2027以後之長期目標，用水密集度(用水度數/單位產量)累計平均降2%
1111005,110,1725,元禎,1847.0000,母公司,0.2209,百萬元營業額,N,"定期管線巡查,減少溢漏,穩定用量"
1111005,110,1726,永記,61190.0000,20210101-20211231,,,ISO14001,"我們深切瞭解水資源對永記造漆製程之重要性，然當今氣候變遷造成水資源嚴重缺乏，故我們積極落實水資源管理，使得用水量並未隨著產品量提升而呈等比例增加，本公司有效的執行節水方案，進行回收再利用，使得。本公司採取的節水方案包含：
（1）純水廢水回收再利用。
（2）清洗桶槽水回收再利用。
（3）桶槽包覆塑膠膜清洗。
（4）高壓水刀清洗桶槽等。"
1111005,110,1727,中華化,404.1850,桃園一廠、桃園二廠、彰化廠,0.0021,單位：百萬公升/產品,N,推動水回收再利用系統，減少補充及排放，用水回收率為19.35%
1111005,110,1730,花仙子,18780.0000,母公司,5.9800,營業額,N,節水及提升回收率
1111005,110,1731,美吾華,23348.0000,台北總公司、台中及高雄服務中心、楊梅工廠及物流中心,,,N,改善生產節水及宣導節約用水。
1111005,110,1732,毛寶,20939.0000,母公司,33.8050,噸CO2e/百萬營收,N,節水及提升水回收率
1111005,110,1733,五鼎,63526.0000,母公司,0.0182,營業額,N,用水強度年減1%。
1111005,110,1734,杏輝,129583.0000,母公司,0.0601,營業額仟元,N,已建立符合法規之廢水處理設備及設施，妥善與永續利用水資源，並訂定相關用水管理措施。
1111005,110,1735,日勝化,42476.0000,母公司,2.2139,產品,N,部分製程已經進行製程廢水回收，目前每月回收至少10噸。
1111005,110,1736,喬山,,,,,N,尚無相關政策
1111005,110,1737,臺鹽,12125453.0000,臺鹽總公司、妝品廠、保健廠、通霄廠、儲運所、七股鹽場共6場域,58.6490,產品,N,臺鹽公司全廠區單位於2021年皆能有效控制用水，並降低整體水資源使用量。其中由於2021年新冠疫情影響，保健廠相關產品產能因應市場需求有所提升，致使生產用水較2020年些微提高。在臺鹽全體同仁們努力下，產品用水密集度2021年相較2020年減少了14.2%，總用水量下降2.3%，充分展現節水措施的成果。
1111005,110,1752,南光,110107.0000,總公司年度總用水量，含民生用水,6185.7865,營業額,N,已連續五年每年減少用水量10%，未來朝向每年減量5%目標執行
1111005,110,1760,寶齡富錦,21100.0000,寶齡富錦生技股份有限公司平鎮廠,0.0376,每仟元產值,N,
1111005,110,1762,中化生,36103.0000,母公司,0.2000,產品,N,宣導節約用水、使用省水馬桶
1111005,110,1773,勝一,344005.0000,母公司,1.5922,產品,N,本公司推動水資源再生使用，評估永安工業廢水經處理後之循環再利用可行性。
1111005,110,1776,展宇,2670.0000,範圍為母公司(第一廠及第二廠),3.5224,以佰萬元營業額為單位,N,逐年增加雨水與回收水使用比率
1111005,110,1783,和康生,14262.0000,合併財務報表之母子公司,,,N,尚未擬定
1111005,110,1786,科妍,32258.0000,母公司,,,N,逐年遞減1%為目標。
1111005,110,1789,神隆,149461.0000,僅母公司，2021年1月~12月,,,N,"妥善與永續利用水資源，並訂定相關管理措施。提升水資源之使用效率，強化相關環境保護處理設施，以避免污染水、空
氣與土地；並盡最大努力減少對人類健康與環境之不利影響。
夏天冷卻水蒸發佔比較高其次為製程用水占比較高，其餘為生活用水。因應全球氣候變遷，水資源成為嚴肅課題，為有效
利用水資源，將空調冷凝水、RO濃縮廢水回收至冷卻水塔散熱後再利用，在辦公室方面，廁所全面安裝省水龍頭，以達節
約用水，為珍貴水資源的永續貢獻心力，實際措施如下。
1.本公司每年均配合主管機關南科管理局調查園區整體用水回收情形，填報「進駐廠商資料進行水回收問卷調查」計算出
本公司之廢水回收率。
2.空調冷凝水及純水系統排廢回收至冷卻水塔，再利用以達節省用水。
3.提高冷卻水塔濃縮倍數，減少冷卻水排放量。
4.冷卻水塔增設擋水簾，減少飛散損失及蒸發量。
5.廁所水龍頭改省水龍頭。
6.將汙泥脫水機清洗水導入廢水系統中再處理過濾後，再用於脫水機脫泥操作，每年亦可節省部分水資源。"
1111005,110,1795,美時,74915.0000,母公司及重要子公司生產基地及研發中心,5.9200,百萬元營業額,N,對比前一年產生量/營業額下降1%
1111005,110,1802,台玻,1880000.0000,僅母公司,,,ISO 50001,每年檢討回收水系統與節水措施，持續減少排放水、提升回收水使用。
1111005,110,1805,寶徠,,,,,N,規劃中
1111005,110,1806,冠軍,127125.0000,自來水,0.0126,產品,N,NA
1111005,110,1808,潤隆,227.0000,僅本公司台北辦公室,,,N,無資料
1111005,110,1809,中釉,22309.0000,僅母公司,,,N,"1.製程窯爐高溫冷卻水排水回收冷卻水塔循環水系統
2.軟水循環過濾系統"
1111005,110,1810,和成,225715.0000,母公司,62.2834,營業額,ISO14001,使用節水設備，設置回收水系統
1111005,110,1817,凱撒衛,347.0000,母公司,2.1600,百萬營業額,N,110年整體用水較上一年度降低8%，持續節約用水，111年度管理目標擬訂較上一年度減量5%
1111005,110,1903,士紙,,,,,N,依規定本公司屬資本額50億元以下之公司別，應於第三階段完成溫室氣體盤查(115年)，本公司預計於112年啟動執行。
1111005,110,1904,正隆,410532.0000,母公司,8.8800,千公升/噸 (工業用紙產量),N,珍惜水資源，正隆透過完善的水資源管理、拓展多元水資源、力行防治管理，以循環、回收及再利用全面提升水資源使用效率，製程用水循環達96.3%，並訂定每年節水1%目標，且持續引進創新節水方案，發揮每一滴水最大效益。
1111005,110,1905,華紙,28574.0000,僅包含台灣所屬營運據點,19.0000,產品,N,提升製程中有效率的循環使用，並訂定每年減量1%的節水目標。
1111005,110,1906,寶隆,,,,,N,落實節水宣導，購買省水標章設備
1111005,110,1907,永豐餘,45556301.0000,永豐餘年報所稱三大事業群（林漿紙事業群、工紙紙器事業群、消費品事業群）之台灣、大陸、越南三地共合計共35個生產據點。,9.9300,產品,ISO 14001,"上游：精準預估、合理取用
中游：加嚴控管、循環利用
下游：透明友善、社會共榮"
1111005,110,1909,榮成,4029050.0000,僅母公司,3.7700,產品,N,"水資源管理採用減降用水之方式，於製程中使用高循環使用效率的水資源循環系統，如白水回收、廢水資源化利用等技術。
減量目標為噸紙用水年減6.5%。"
1111005,110,2002,中鋼,44047000.0000,母公司,4.3200,產品,N,"短期目標 (111年)：配合臨海再生水導入，耗用新水量降低46.9%。
中期目標(114年)：規劃和發產業園區(替代履行)再生水導入，耗用新水量降低54.4%。
長期目標(119年)：朝多元水源目標邁進，持續評估使用1.3萬立方米/日海淡水的可行性，預期耗用新水量將降低為64.4%。
註：以106年尚未導入再生水的用水量13萬立方米/日為基準"
1111005,110,2006,東和鋼鐵,2205048.0000,母公司,1.0460,鋼胚產量,ISO 14001，苗栗廠另有 ISO 14046 水足跡管理系統，驗證機構為BV,"本公司重視水資源課題，持續致力各項節水措施；除了採用最佳可行技術（best available technology, BAT）及桃園廠直接熱進軋鋼程序來有效降低單位用水量之外；針對工業用水（冷卻用水、製程用水）再利用，採重複循環方式設計，將冷卻用水、軟水、製程用水等循環使用及回收再利用，並反覆利用至無法再利用之水質才排放至回收水池供次級用水使用，可減少對區外補充水之需求，落實水資源有效利用，例如：製程排水及生活污水，經過妥善處理後收集至回收水池，以中水道或直接利用方式提供非飲用及非與身體接觸之次級用水，包括：綠地澆灌、儲區灑水、爐碴冷卻水、景觀補注水、道路防塵及洗車等雜用水之使用，以降低整體用水量。"
1111005,110,2007,燁興,117576.0000,本公司,,,N,無
1111005,110,2008,高興昌,32845.0000,110年度屏南廠區,0.9200,產品,N,使用地下水並部分回收循環使用
1111005,110,2009,第一銅,201180.0000,僅計算第一伸銅科技股份有限公司臨海廠,1.1884,產品,N,以1.0度/產品(年淨入庫量：公噸)為目標
1111005,110,2010,春源,87162.0000,台灣總公司及北中南各生產營運據點。,0.1091,產品,ISO 14001 環境管理系統,配合全球溫室氣體減量策略發展方向，兼顧資源效率、能源節約、環境保護的永續能源發展目標。
1111005,110,2012,春雨,207.4800,母公司,347.0000,百萬營業額,ISO14001,增加廢水回收率
1111005,110,2013,中鋼構,38265.0000,高雄廠區、官田廠區,,,N,高雄廠區生活汙水經生態池二次淨化後，用以澆灌廠區內花草樹木。
1111005,110,2014,中鴻,1327310.0000,母公司,0.4650,產品,N,本公司採取水資源管理措施有雨水回收，熱軋廠製程廢水回收(回收率99.79%以上)，冷軋廠放流水回收至洗滌塔再利用、純水再生廢水再利用，鋼管廠製程水重複循環使用，各廠區公用水泵裝置磨損環代替水軸封減少漏水產生，及使用省水龍頭等改善措施。
1111005,110,2015,豐興,1970532.0000,僅母公司,1.0800,產品,ISO 14001:2015,"1.從製程、產品和活動服務中不斷創新，並持續推動節水政策，改善製程，加強水資源循環再利用率。
2.水再利用率 ( 倍 ) 大於10，水回收再利用率大於90%。"
1111005,110,2017,官田鋼,117032.0000,總管理處、永康廠、麻豆廠、官田廠,1.6000,產品,N,"1.提高製程用水回收再利用率，以降低對水的需求壓力
2.透過日常管理及巡檢，發掘可行節水措施，並鼓勵員工提改善案
3.推動水資源教育，提升利害關係人用水素養
4.優先選購省水標章的合格省水器材，即能在不影響原用水習慣下，達到節約用水之目的。"
1111005,110,2020,美亞,22302.0000,110年度廢水排放量,,,ISO14000,
1111005,110,2022,聚亨,37770.0000,母公司,,,N,尚未訂定相關目標
1111005,110,2023,燁輝,379642.0000,2021全年度,0.3300,產量(公噸),N,節水措施：每日減少用水目標為2014年日用水量10%_
1111005,110,2024,志聯,207953.0000,自來水+地下水,,,N,尚未訂定具體目標
1111005,110,2025,千興,45948.0000,僅母公司,0.0186,營業額,N,無資料
1111005,110,2027,大成鋼,87279.0000,僅母公司,0.0057,營業額(百萬公升/百萬元),中華民國確信準則公報第一號「非屬歷史性財務資訊查核或核閱之確信案件」標準,大成鋼台灣總部取用的水皆為台灣自來水公司，供水來源為南化水庫，依據WRI水資源風險之分析，台南非水資源壓力區。此外，大成鋼為專業不銹鋼管及管配件製造廠，係屬非高度汙染之二次加工業，對於汙染源防治設有廢水處理及集塵器等設備，且依現場作業情形，加強環保人員之專業訓練及操作設備之技術，委託環保署認可之檢測機構作不定期檢驗，因此在妥善的防治工程處理下，完全符合環保署要求之排放標準。
1111005,110,2028,威致,610775.0000,個別公司,,,N,無
1111005,110,2029,盛餘,488144.0000,2021年績效月報,0.3670,產品,N,無
1111005,110,2030,彰源,112416.0000,一廠、二廠、三廠、大連廠,112416.0000,營業額,N,無
1111005,110,2031,新光鋼,23333.0000,母公司,1.7400,百萬營業額,N,NA
1111005,110,2032,新鋼,,,,,N,目前尚未訂定相關目標
1111005,110,2033,佳大,,,,,N,
1111005,110,2034,允強,116314.0000,僅母公司,0.6200,產品,ISO 50001,節水方案，以達減少用水之目標。
1111005,110,2038,海光,80930.0000,自來水費,,,N,再利用：沉降後之廢水再使用於廠區灑水
1111005,110,2049,上銀,832904.0000,涵蓋營運據點13廠區，100%營運控制權,36.2037,百萬營業額,N,持續提升回收水率，佔整體用水>7%
1111005,110,2059,川湖,54093.0000,母公司,14.5100,平方公尺產品表面積,N,"1.持續提升製程水回收系統效能，增加雨水回收量，減少自來水耗用。
2.持續推動廠內節水宣導。"
1111005,110,2062,橋椿,135527.0000,母公司,0.0370,產量,N,以園區全廠用水回收率77%為目標，在用水總量管制下為能最有效的使用，可藉由製程用水減量、節水管理措施，使其降低自來水用水需求。另外進行製程廢水回收再利用、裝置省水器材設備、改善雨水收集槽容積，有效將雨水貯留再利用
1111005,110,2069,運錩,9851.0000,僅母公司所有廠區,,,N,積極減少用水量
1111005,110,2101,南港,141482.0000,110年總廢水量,4.1330,產品,N,2022年廢水回收再利用率提升至40 %
1111005,110,2102,泰豐,98268.0000,僅母公司,13.3500,每噸產品,N,製程冷卻水100%回收循環再利用
1111005,110,2103,台橡,5835000.0000,合併財務報表之生產營運母子公司,10.3800,公噸,ISO50001:2018,設定提升廢水回收及提高使用再生水比例; 2023年廢水回收佔總廢水量達25%、2025年達36%、2030年達40%; 2023年再生水佔總用水量達15%、2025年達34%、2030年達40%
1111005,110,2104,國際中橡,1256573.0000,國際中橡100%持有之子公司林園先進。,14.0000,產品,ISO14001,"因氣候異常導致乾旱及缺水頻發，更凸顯水資源管理重要性。因此，3R(Reduce, recycle, Reuse)是林園先進廠水資源管理的重要方針，持續將水
資源循環再利用以降低用水強度，最終目標為達到零廢水排放。2021年開始推動水資源平衡計畫，其中包含自2020年與鄰近工廠合作，蒸氣銷售
予鄰近工廠合作夥伴後，合作夥伴將製程產生之冷凝水，輸送回林園先進廠再做使用、將冷卻水之外排水回流至脫硫吸收塔做為補水以及盤查廠內
管路漏水之處將其修補，擴大水循環影響力。2021年面對枯水期時積極由上述手段積極檢討改善廠內用水情況。
在用水管理方面，林園先進廠由工務儀電組每月抄寫自來水進水水錶進行管理。從整體取水資源流向分析，2021年取水量較2020年減少13.1%；
可見2021年所投入之節水措施達到有效減少取水需求。林園先進所產生的廢污水經廠內處理後，排入林園工業區污水處理廠，最終海放。林園先
進廠目標預計2025年用水密集度較基準年2019年降低13%~15%。"
1111005,110,2105,正新,1079686.0000,母公司,7.4400,產品,N,減少生產用水及廢水排放法令遵循。
1111005,110,2106,建大,333829.0000,台灣地區,7.2100,產品,BSI ISO 50001及金屬工業研究發展中心 ISO 14001,"致力於製程用水循環使用及放流水
回收再使用，以降低水資源的耗用
。"
1111005,110,2107,厚生,,,,,N,採用循環水設計，僅需補中損耗
1111005,110,2108,南帝,403216.0000,母公司,,,N,無
1111005,110,2109,華豐,,,,,N,
1111005,110,2114,鑫永銓,10874.0000,母公司,5.6133,營業額以百萬元為單位,N,降低耗水量，每年0.5%。
1111005,110,2115,六暉-KY,,,,,N,評估規劃中
1111005,110,2201,裕隆,332346.0000,裕隆汽車製造(股)公司三義廠區,10.9000,產品,N,"1. 廠區用水記錄、分析及管控
2. 節水活動推進(水回收再利用、用水效率提升、善用省水裝置)
3.減量目標: 總用水量每年低減2%以上"
1111005,110,2204,中華,212954.0000,占營運範圍比率100%,4.2600,產品,ISO 46001水資源效率管理系統,"1.水資源政策：
(1)減少水資源使用，持續推動設備改善；
(2)杜絕水資源浪費，善用智慧化管理平台，落實設施維護檢查；
(3)提升水資源再利用，推動製程用水回收與雨水貯留再利用；
(4)全員參與節水行動，持續落實日常節水觀念；
(5)遵守水相關法規，設計採購節水產品；
(6)確保資源之提供，達成水資源效率目標。
2.目標規劃：
以2019年用水量實績(包含廢水減量排放)為基準，計劃於2021~2025年期間合計低減15%為目標。"
1111005,110,2206,三陽工業,472862.0000,三陽工業股份有限公司新竹廠,319198.0000,產品,N,無資料
1111005,110,2207,和泰車,18.2530,母公司,32.4000,人,N,"以2019年為基準年, 設定年度減量1%之目標(2020年為1%、2021年為2%、依此類推)，
並每月紀錄用水量，並檢討減量達標情形(若未達標則制定改善計畫"
1111005,110,2208,台船,462088.0000,台船高雄廠和基隆廠彙計,462088.0000,"營業額17,852,881仟元",N,本公司水資源密集度近5年度平均合計33.9 (公升/仟元)，較2024年度目標值33.8 (公升/ 仟元)，差距約0.5%，持續提升水資源使用效率。
1111005,110,2211,長榮鋼,57272.0000,僅母公司,4.9300,百萬營業額,N,"本公司主要為鋼鐵加工業，各項鋼構件加工製程並無大量耗水，故未特別設定水資源減量目標。廠內水資源使用以員工生活用水為主。本公司因應Covid-19疫情之影響，鼓勵員工勤洗手、保持個人衛生，針對廠區生活用水仍將持續宣導並推動珍惜水資源之理念，並在不影響員工用水前提下積極尋求節水設施，為節約用水，目前各廠區、辦公區域之洗手間設施及水龍頭均安裝具有省水標章之節水器材。
廠內皆使用自來水，產生的生活廢污水經由污水處理設施處理後排放至工業區公共污水下水道再進行二次處理，以達到環境友善之目的。"
1111005,110,2227,裕日車,1530.0000,母公司,4.0800,每年人均用水輛 (公噸-水 /人),N,"本公司的飲用水源為自來水、生用水源為水利署公告之新苗地區地下水。依地下水位監控，對水源無明顯性衝擊。各項排放流水均依照環保法規進行檢測後予以排放，此外更主動對於廠區土壤及地下水進行不定期抽樣檢測，務求對環境友善，不造成環境任何負面影響。
本公司於廠區內推行各項節水措施，例如生活用水節約宣導、高效率節水設備使用，有效達成節水目標，2021年自來水用水度數1,530 度 (地下用水部份無法單獨統計數據) 。本公司生活污水經由廢水廠處理後，由正大門排放口排放，最終流入海域中，無因取水而重大影響水源。未來本公司將以每年減量2%為目標，持續推行各項節約用車政策。"
1111005,110,2228,劍麟,,,,,N,尚未設定目標
1111005,110,2231,為升,1006.5000,為升電裝工業(股)公司2021/01~2022/05用水量,,,N,無資料
1111005,110,2233,宇隆,14826.0000,110/1/1-110/12/31,,,N,宣導同仁節約能源
1111005,110,2236,百達-KY,22250.7100,包含合併財務報表之母子公司,0.0000,營業額,N,持續降低廠內耗水量
1111005,110,2239,英利-KY,,,,,N,無資料
1111005,110,2241,艾姆勒,105781.0000,母公司,0.0629,產品,N,"以廠端基礎設施檢修與耗水量改善為主，追求水資源使用率的提升，積極對水資源利用與回收相關措
施進行評估，並輔以持續性員工節水環境教育宣導"
1111005,110,2243,宏旭-KY,,,,,N,NA
1111005,110,2247,汎德永業,79902.5500,合併財務報表,0.0019,營業額(千元),N,展廳、維修廠新設及翻新裝設節水裝置，雨水回收系統等
1111005,110,2250,IKKA-KY,,,,,N,NA
1111005,110,2301,光寶科,2539346.0000,"包含母公司與合併財報之部分子公司
光寶科技股份有限公司、光林智能科技股份有限公司、光寶電子(天津)有限公司、光寶網絡通訊(東莞)有限公司、光寶光電(常州)有限公司、光寶科技(常州)有限公司、光寶電子(東莞)有限公司、旭麗電子(東莞)有限公司、惠州市力信電子有限公司、光寶電子(廣州)有限公司、建興光電科技(北海)有限公司、敦揚(廣州)汽車電子有限公司、LITE-ON VIETNAM CO., LTD.、Lite-On Electronics (Thailand) Co., Ltd.、LITE-ON POWER ELECTRONIC INDIA PRIVATE LIMITED",17.3200,百萬營收,ISO 14001,以 2020 為基準年，於 2023 年用水量絕對減量 6%
1111005,110,2302,麗正,13792.0000,母子公司,63.3200,產品,N,2022年度減水量10%
1111005,110,2303,聯電,16213000.0000,僅母公司(含新加坡分公司),66.5400,wafer-m2,ISO 14001、ISO 14046,"聯電於2015年頒布「水資源管理政策與承諾」作為公司因應水資源管理之最高指導原則，並訂定水資源減量目標，承諾未來以更嚴格的標準作自我要求，預計分別於2022年、2025年及2030年達到單位產品用水量較2015年減少12%、25%及30%。
一、政策
追求用水效率極大化，提升上下游價值鏈對水風險之承受度，促進對水資源之重視與節約
二、承諾
1. 導入水資源風險管理系統
2. 開發與應用多樣化水源
3. 積極管理指標促進節水積效
4. 與供應鏈合作降低水足跡
5. 水資源資訊公開透明
6. 促進水資源教育普及化"
1111005,110,2305,全友,11000.0000,母公司,,,N,"本公司皆為一般生活用水,平時加強宣導員工節約用水,生活汙水皆排入汙水處理系統"
1111005,110,2308,台達電,4160237.8900,母公司及子公司之生產廠區,415.5700,產值(單位：百萬美金),ISO 14001,因應全球氣候變遷及供水穩定化。台達承諾2020年為基準年，2025年將整體用水密集度再下降10%目標。
1111005,110,2312,金寶,335000.0000,母公司,65.1100,營業額,N,"金寶電子因產業的特性，主要是組裝工廠，整體而言，製程並未大量使用水資源，主要
用水使用量為基礎廠務設施，例如：空調、空壓等循環用水及員工生活用水。用水來源
均來自市政用水，並無單獨取自河川湖泊或地下水源，對水源及社區用水可能的衝擊並
無顯著影響。
我們為持續推動節約用水，加強各廠區節水設施管理及汰換，並對於地下水管及消防管
道查漏并維修，亦進行宣導員工經由用水行為改變以提升節約用水效率。"
1111005,110,2313,華通,3016000.0000,110年度,0.2200,產品,N,詳見永續報告書
1111005,110,2314,台揚,42.3000,母公司,0.0640,員工人數,ISO-14001,規劃推動水資源節省方案(民生用水/空調冷卻水塔水量控管)
1111005,110,2316,楠梓電,1674706.0000,僅母公司,0.6600,產品,N,因應全球氣候變遷，供水穩定化成為各國面臨的問題。本公司為因應全球水資源短缺議題，預計未來每年用水量能下降3%，期以具體行動面對氣候變遷的挑戰。
1111005,110,2317,鴻海,87706000.0000,依2021年永續報告書邊界,14.6000,百萬新台幣營業額,N,以2020年為基準，至2025年，用水密集度下降6%
1111005,110,2321,東訊,20701.0000,自來水公司提供 110.01~110.12,129.3800,僅有民生用水，約160人,N,持續用水減量，民生用水已全面改用省水龍頭及加裝節水器。
1111005,110,2323,中環,578000.0000,僅母公司生產廠區,0.8100,員工人數,N,"全面落實水資源使用與管理，並使用節水產品及員工生活習慣宣導，
力行節約用水，以降低對水資源及環境的衝擊。"
1111005,110,2324,仁寶,2683948.0000,母公司、仁寶(越南)、仁寶電腦(重慶)、仁寶電腦(成都)及仁寶視訊電子(昆山)、仁寶電子科技(昆山)、仁寶資訊工業(昆山)、仁寶信息技術(昆山)、仁寶數碼科技（昆山）、吉寶通訊（南京）、重慶翊寶智慧電子裝置及Compalead Eletr&#244;nica do Brasil Ind&#250;stria e Com&#233;rcio,2.1700,營業額;單位為新台幣百萬元,N,"在世界水資源經濟論壇報告中指出，水風險近年都在全球影響最大的風險名單上，不論在水資源所面臨的物理風險(包含缺水、洪水、水質及生態系統的影響)、監管風險及聲譽風險中，任一風險失控都會轉化成企業的財務及營運風險。
在水風險評估工具中，面臨水壓力的評估在仁寶台灣及南京、重慶、成都廠區，屬於中低風險以下、昆山廠區屬中高風險地區，巴西廠區位屬高度風險地區、而越南廠區則屬極高風險。在地表水污染及淡水生物豐富度變化中，全部廠區都列在高風險等級，雖廠區所在地皆位於工業區中，無擁有、租賃或管理任何位於生態保護區、水資源保護區或具水資源壓力區內之廠區，在水質、水價及給水的來源皆沒有立即的風險，但唯有了解風險的所在，才能夠及早採取應對的措施。"
1111005,110,2327,國巨,362099.0000,母公司,9.0000,百萬營業額,N,定期檢討水資源使用情形，並積極導入循環水設備，回收並重複再利用水資源
1111005,110,2328,廣宇,5512.0000,母公司,0.0004,百萬營業額,N,母公司為辦公區，子公司更換安裝節水龍頭及汰換節水設備
1111005,110,2329,華泰,1478550.0000,2021.01.01-2021.12.31,0.0001,營業額,N,純水ROR廢水回收系統月平均量425公噸
1111005,110,2330,台積電,82823740.0000,台灣廠區及子公司,119.9000,單位產品用水量（公升／十二吋晶圓當量－光罩數）,International Water Stewardship Standard Version 2.0,"單位產品用水量（公升／十二吋晶圓當量－光罩數）（民國99年為基準年）
民國111年目標：降低16%
民國119年長期目標：降低30%"
1111005,110,2331,精英,329789.0000,用水量涵蓋精英電腦股份有限公司、興英數位科技(深圳)有限公司、精英電腦(蘇州工業園區)有限公司、與精英科技(泰國)股份有限公司。,18.1360,"2021年 精英電腦總部大樓人均年用水量  18.136 公噸/  人.年；TPE 13,802公噸/761人=18.136",N,"精英電腦於廠區成立省水專案小組，規劃省水專案的提報、執行、彙總、稽核、評比制度，要求全員參與，專人負責，廠區由上而下共同進行各項省水措施，以求降低用水量。精英電腦內湖總部智慧建築大樓所建置的雨水回收供景觀灌溉用水系統，2021年回收雨水2,439公噸，減少了0.381公噸CO2e的溫室氣體排放。
精英電腦節水措施：
1.加強節約用水的宣傳，在各用水區域，張貼 “節約用水，隨手關開關” 等節水標語，定期展開 “節約用水” 知識講座，讓廠區員工了解節約用水的目的，使大家自覺的加入公司的節水行列中。
2.員工宿舍分時段供熱水，確保員工熱水的使用，且避免熱水的浪費。
3.定期和不定期點檢用水和貯水設備設施，防止水資源浪費。
4.定期保養用水和貯水設備設施，保證其運行正常。
5.廠務人員定期確認水表，對用水量分析，對異常進行通報及時處理。
6.啟用雨水回收噴灌系統及配合天候澆水。
7.節省洗手台及馬桶用水量，降低每人每日生活用水量，加強宣導二段式沖水。
2021年用水量為329,789公噸，較2020年用水量261,735公噸，用水量增加26.032%，並較基準年2007年減少55.225%的絕對用水量。精英電腦每年的總用水量，相較於前一年的減量目標為1%。2021年因Covid-19 防疫活動影響未達到減量目標。"
1111005,110,2332,友訊,11560.0000,僅母公司大樓,19.0131,員工人數,N,2026年用水量節省2.5%
1111005,110,2337,旺宏,2886898.0000,僅母公司,57.0800,年度總營收(百萬元),N,晶圓廠製程用水回收率維持≧ 84%
1111005,110,2338,光罩,15349.0000,僅母公司,2.3900,產品,N,純水回收使用、製程廢水再利用
1111005,110,2340,台亞,1392952.0000,創新廠及力行廠,276.0000,佰萬元營業額,ISO 14001,透過各項水回收處理系統進行水資源再利用，設定製程用水回收率、全廠用水回收率。
1111005,110,2342,茂矽,583235.0000,僅母公司,52.5600,產品,N,"本公司秉持著ISO 14001的精神，落實相關資源節約及有效再利用，在水資源運用上亦做了相關的管理措施，將可回收之廢水循環使用，降低自來水的需求量。
廠區內設有相關回收系統，充分將製程排水、RO濃縮水、空壓機冷卻水、蒸發器防凍水、洗滌塔排水、冷卻水塔排水及空調冷凝水等，有效回收處理再利用，每日回收水量可達1,500噸，再提供給製程或各系統使用，使水資源有效的循環再利用。
符合科管局規定:1.製程回收率>50%  2.全廠回收率>50% 3.全廠排放率＜80%"
1111005,110,2344,華邦電,3292825.0000,母公司,0.1310,噸/layer(層-晶圓光罩),ISO 14001,全廠用水回收率>80%、產品單位用水量＜0.15噸/layer(層-晶圓光罩)
1111005,110,2345,智邦,51982.0000,僅母公司,1.0540,百萬元營業額,N,"依據廢水管理程序執行相關作業，確保本公司廢(污)水能有效被收集、
處理、排放，以免溢流而造成環境污染。"
1111005,110,2347,聯強,21696.0000,聯強台灣與合併財務報表之子公司通達智能運籌,18.2300,員工人數,N,空調設定室溫超過27度方能啟動，減少冷卻水塔耗水；洗手台貼標語宣導節約用水
1111005,110,2348,海悅,,,,,N,無
1111005,110,2349,錸德,91541.0000,僅母公司,0.0330,營業額,N,節省用水>1%
1111005,110,2351,順德,1382382.0000,母公司,1232440.0000,產品,N,預計今年底建置完成，含鎳水回收設備，300CMD
1111005,110,2352,佳世達,517562.0000,佳世達台灣/蘇州/越南廠區,106.3300,營業額,N,每百萬美金產值用水量降低2%
1111005,110,2353,宏碁,164324.0000,包含合併財務報表之母子公司,0.5200,百萬營業額,N,"1、減量目標：相較2020年，總用水量降低1%。
2、為能順利達成目標，藉由系統化管理蒐集全球用水數據及變化趨勢，每年審視目標達成狀況。
3、鼓勵各辦公區推行水資源回收再使用、改善用水設備、強化用水管理等節水措施。"
1111005,110,2354,鴻準,1903.0000,鴻準集團主要廠區,0.0000,營業額,ISO 50001,基於保護水資源提早規劃各項水資源節約計畫，透過改善製程及節水水回收再利用等措施，積極減少在生產製造過程產生之廢水及對環境的衝擊。
1111005,110,2355,敬鵬,3873.9600,母公司+ 子公司 敬鵬(常熟)電子有限公司,153.1300,營業額,N,省水專案
1111005,110,2356,英業達,1081588.0000,"""英業達股份有限公司Inventec Corporation
(士林廠 Shilin site(IET)、桃園廠 Taoyuan site(TAO)、桃園廠 Taoyuan site(ITO))、
英業達(重慶)有限公司Inventec (Chongqing) Corporation (ICC)、
英業達科技有限公司Inventec (Pudong) Technology Corporation (IPT)、
上海順詮科技有限公司SQ Technology (Shanghai) Corporation (SQT)、
Inventec (Czech) S.R.O. (ICZ)、
IEC Technologies, S . de R. L. de C. V. (IMX)",245273.0000,千億營業額,N,以2012年為基準年，2024年用水密集度減少24%。
1111005,110,2357,華碩,142443.0000,華碩全台辦公室(皇家除外),22.0000,公噸/平均每人/年,N,每年減少前一年用水的0.5%
1111005,110,2358,廷鑫,31111.0000,母公司,,,N,評估規劃中
1111005,110,2359,所羅門,,,,,N,尚無「水資源管理或減量目標」
1111005,110,2360,致茂,83835.8000,僅母公司,0.0048,營業額(仟元),N,RO機廢水回收再利用，雨水回收噴灌使用。
1111005,110,2362,藍天,25777.0000,母公司,,,N,請參閱永續報告書
1111005,110,2363,矽統,23228.0000,水費繳費單,,,N,無
1111005,110,2364,倫飛,6038.0000,母公司,,,N,無
1111005,110,2365,昆盈,,,,,N,製程工藝中無工業廢水產生.
1111005,110,2367,燿華,2070450.0000,僅母公司,0.6100,產量,N,各廠區力行各項減水及水回收專案，如：銅板框回收機水量專案、蝕薄銅線用水減量專案及加強用水上下限值等管控措施，來提升廠區水資源使用效率。
1111005,110,2369,菱生,960851.0000,全公司工業用水量,0.1740,產品,N,每年節約用水50萬噸
1111005,110,2371,大同,537322.0000,僅母公司,,,N,公司所屬工廠並無特別耗水之製程，但在汰舊換新生產設備時，仍會考量節水因素。
1111005,110,2373,震旦行,38445.5200,僅母公司,0.0117,營業額,N,提升生產品質及減少耗損，減少水資源的使用量。
1111005,110,2374,佳能,5763.0000,110年度,1.6119,營業額,N,使用有省水標章之產品
1111005,110,2375,凱美,2525.2500,汙水處理站,,,N,減量5%
1111005,110,2376,技嘉,259234.5700,技嘉科技營運總部、桃園南平廠、中國東莞廠和寧波廠。,2.1265,百萬營業額,N,"技嘉科技2009年啟動「綠動計畫」設定2030年較2010年減水20%之長期目標
；2016年啟動「減量333」計畫，設定每年用水較前一年減量3%之短期目標。"
1111005,110,2377,微星,89159.0000,母公司,0.4400,營業額,N,"1.增加回收水量,降低對原水依賴2.持續進行節水宣導3.推廣水足跡管理,激勵供應鏈制定節水路線"
1111005,110,2379,瑞昱,50640.0000,僅包含瑞昱新竹營運總部,11.2700,"瑞昱新竹營運總部員工人數(4,492人)",N,人均取水量較前一年度降低1 %
1111005,110,2380,虹光,11323.0000,母公司,0.1700,產品,N,設備汰舊更新時，採購具有省水標章產品；收集空調冷凝水轉為綠帶澆灌用。
1111005,110,2382,廣達,359002.0000,廣達電腦股份有限公司,,,N,減少空氣、水之汙染及廢棄物之產生，降低環境衝擊
1111005,110,2383,台光電,101897.0000,母公司,0.0110,耗水量/總營收(單位:新台幣仟元),N,"為落實水資源管理，因應的節水措施：建置空調用水水質管控，
並評估空調用水水質監控；於生活用水方面，宣導員工節約用水觀念，
採用節水器等措施，以達到節能減碳、降低能源消耗，
藉以降低碳排放強度，善盡環境保護之責任。"
1111005,110,2385,群光,1632816.6400,群光電子(含海外各廠區，不含子公司),1632816.6400,營業額,ISO 50001,"1)每百萬元收入至少減少1.5%以上的用水量。
2)為員工提供安全、清潔、合格的飲用水。
3)無水安全相關事件事故。"
1111005,110,2387,精元,,,,,N,無
1111005,110,2388,威盛,17506.0000,威盛電子台北總公司,,,N,無製程用水，一般生活用水皆設置節水設備。
1111005,110,2390,云辰,,,,,N,無資料
1111005,110,2392,正崴,3365820.0000,合併財務報表之母子公司,,,N,"加強水資源管理策略，資請第三方技術顧問公司編制《水平衡測試報告書》，評估公司的用水、取水情況，編制更標準的水平衡圖， 指導公司合理管理用水，協助企業制定《節水領導工作小組》、《用水獎罰管理制度》、《用水設備、器具、管道定期檢修制度》等。
推行中水回收系統，可將製程污水回收處理再利用，回收過濾後的廢水用於廠區濕制程以及沖洗廁所用水"
1111005,110,2393,億光,341.0000,億光電子台灣地區,,,N,公司為落實水資源有效率之妥善應用，透過定期內部盤點、審視與評估，再根據評估結果對現有設施、設備進行修正與調整，持續改善成效再評估，以達最終水資源永續節約之目的。
1111005,110,2395,研華,332806.0000,研華台灣(瑞光大樓、陽光大樓、東湖廠、林口園區)、日本廠、昆山園區,5.9400,營業額百萬,AA1000,"研華各廠區分別透過使用省水水龍頭與省水馬桶及節水措施宣導等方式，設法降低人均用水量。所有廠辦皆位於都會區之已開發工業區或園區，採自來水供水措施，無抽取地下水或井水之情事。
研華廠區近四年度總用水量如圖 4.4.1 所示，進一步分析近四年研華廠區單位營收用水量如圖 4.4.2 所示。2021 年的用水量以及單位營收用水量相較前幾年反有所增長，主要是因昆山廠區擴建 ( 五期 ) 並投入營運。研華近年來陸續執行節水的改善方案，台灣地區主要是透過雨水回收再利用於生活用水、智慧澆灌節水與智慧空調之冷卻水及冰水系統監控管制等節水方案，降低了整體用水量。昆山廠區則已在各棟廠房生產車間加裝水錶並進行用水計量管理，區分一期、二期、三四五期、宿舍、廚房，設備用水，分析合理用水量。此外，研華林口二、三期都設置雨水回收系統用於噴灌及沖廁，設計時以年替代率達 50% 以上為設計目標，但尚未實際進行量量監測；現已進行流量計安裝，預計 2022 年第二季可開始進行雨水回收系統實際替代率的數值監控，並依此進行方案改善依據。昆山廠區則透過水回收再生系統回收水資源，中水回收率達 70%，每年可節省用水達 53%。未來將規劃更多的改善方案節約水資源。"
1111005,110,2397,友通,30047.0000,友通資訊之組織邊界設定以營運控制權為主，其盤查組織邊界之溫室氣體排放量百分之百歸屬本公司，友通包括汐止遠雄總部、汐止工廠及桃園工廠，其中汐止工廠於2021年4月至10月搬遷，11月25日完成交屋。,,,N,"本公司除透過產品與服務以改善人類資訊生活外，並致力於社會責任、能源管理及環境衛生管理等之實踐與理念推廣，回饋社會，提升安全績效及生活環境品質，公司將整合社會責任、能源、環境安全衛生管理、優質企業安全管理與現行經營理念，承諾提供必要之資源與資訊，以更有效率方式執行社會責任及環境、安全、衛生政策，以達到組織設定之目標及標的。
明定防污減廢、節能省水、安全健康、防範於未然、改善再改善，強化產品生態化設計，降低產品生命週期之衝擊，輔導供應商，要求其達到標準等為主要政策之一。"
1111005,110,2399,映泰,276.0000,110年1-12月每月平均用水噸數,,,N,無
1111005,110,2401,凌陽,30320.0000,母公司,87.8800,員工人數 (30320度/345人),N,透過廠務監控系統調控，減少空調用水量；向同仁宣導節水措施，以減少生活用水量；期望以每年減量2%為目標
1111005,110,2402,毅嘉,108381.0000,僅母公司,,,N,研討中
1111005,110,2404,漢唐,,,,,N,尚未訂定
1111005,110,2405,輔信,4829.0000,母公司,,,N,"(1) 張貼節約用水標語，使大家養成隨時關水習慣。
(2) 全面加裝省水裝置，節省適當水量。
(3) 發現漏水應立即通報，避免於浪費用水。"
1111005,110,2406,國碩,51472.0000,國碩二廠和國碩新豐廠,0.0616,"835,000萬元",N,每日檢討製程機台用水狀況，定期巡視管線狀況並檢討空調系統以降低耗水量
1111005,110,2408,南亞科,3456524.0000,母公司,3.0800,千顆晶粒,ISO 14001,114年目標：自107年起累計單位產能用水量較106年減少40%
1111005,110,2409,友達,24991780.0000,全球營運據點,0.2900,產品(米平方),ISO46001,"1.AUO Water 2025 水目標：2018年至2025年節約自來水量累計達100,000 CMD(每日立方米)，持續精進水資源使用效率
2.2024年台灣廠區100%導入ISO 46001水資源效率管理系統認證"
1111005,110,2412,中華電,2170000.0000,中華電信母公司,10.3099,百萬營業額,取得ISO 50001證書、板橋IDC暨雲端資料中心取得ISO 14046水足跡認證。,"1.透過資訊化介面管理及分析，擬定具體管理目標。並據此目標來推動水資源節約措施，提升其使用效率，包括：
(1)洗手檯裝設噴霧式水龍頭。
(2)廁所改裝兩段式沖水設備。
(3)使用雨水及回收水進行公司綠化澆灌。
(4)推動新建築物中水設置，將生活污水匯集經過處理並達規定的水質標準後，在範圍內重複使用於非飲用及身體接觸用水。。
2.本公司用水主要為民生用水，除一般盥洗用水外，以冷卻空調用水為主要用量，隨業務成長與人員增加，用水量減少幅度有限，有效進行用水量之管控。建置雨水、地下水及空調冷凝水回收系統，達到水資源再利用。
3.水資源管理系統，並擬定適度的管理與節約措施，達到節約用水之目標。
4.中華電信以2020年用水量為基準，民生用水以節降2％為目標，而每年因業務成長所增加的用水量不得超過2％。"
1111005,110,2413,環科,17800.0000,母公司,,,ISO14001,無資料
1111005,110,2414,精技,4900.0000,僅母公司,0.2342,佰萬營業額,N,以109年為基準年，預計114年前用水度數減少5%為目標。
1111005,110,2415,錩新,419571.0000,110年度,,,N,"111年上半年先針對廠內所有地下管線，已改為明管，避免管線洩漏。
111年下半年才會開始針對高耗水量的製程進行減量。"
1111005,110,2417,圓剛,7440.0000,資料涵蓋範圍為總公司,0.0020,營業額,N,控制總用水量，須達成每年減少2 %的目標
1111005,110,2419,仲琦,47468.0000,新竹總部+海外據點(蘇州，越南),137.1200,營業額,N,每年用水減量1%
1111005,110,2420,新巨,18728.0000,母公司,7.0330,百萬營業額,N,新巨企業屬低汙染之電子資訊產業，水的消耗主要以員工生活用水或空調用水為主，不時宣導各廠區節水措施，換用省水水龍頭，設法降低人均用水量。
1111005,110,2421,建準,3305000.0000,昆山廠/北海廠/高雄廠,,,N,建準各生產廠區為符合客戶要求，廠區內均使用100%自來水水源且因製程因素而無工業廢水產出，僅有生活廢水排放，不會對環境造成水污染之不良影響，而生產廠區每年度也會定期安排第三方驗證公司檢測廠區之生活廢水排放結果，至今每年度排放生活廢水水質檢測結果均有符合環保排放要求。除了持續通過檢測標準外，也會持續接受當地政府相關法規的嚴格監督與管理，全面落實水資源之環保概念。
1111005,110,2423,固緯,11708.0000,母公司,,,N,確保用水的安全，每三個月委由合格的檢測單位進行飲水機的採樣，檢測，以確保用水安全。
1111005,110,2424,隴華,,,,,N,NA
1111005,110,2425,承啟,,,,,N,尚無目標
1111005,110,2427,三商電,1976.0000,母公司,6.3100,員工人數,N,日常辦公用水為主要的用水來源，並取自市政用水，對水源無顯著影響
1111005,110,2428,興勤,56870.0000,母公司金屬用水,0.0130,產品,N,110年度製程廢水回收率為37.5%，預計111年度成長1%以上。
1111005,110,2429,銘旺科,82.8820,母公司+子公司(嵩達),0.0860,百萬營收,N,不適用
1111005,110,2430,燦坤,,,,,N,本公司於營運中妥善利用水資源，於內部執行節約用水。
1111005,110,2431,聯昌,,,,,N,積極推動節能減碳、溫室氣體減量、減少用水與其他廢棄物管理計畫。
1111005,110,2433,互盛電,8435.0000,僅母公司,0.0060,營業額,N,減少水資源的使用量。
1111005,110,2434,統懋,162041.0000,母公司,1643.4178,百萬營業額,N,無資料
1111005,110,2436,偉詮電,0.8250,新竹廠區,0.0002,營業額單位為佰萬元,N,"皆為辦公室民生用水,宣導節約用水。"
1111005,110,2438,翔耀,,,,,N,無
1111005,110,2439,美律,350128.6000,母公司與部分合併財務報表之子公司,50.1600,員工人數,N,"【美律水資源管理政策】
珍惜用水，加強員工意識
促進對用水之重視與節約
【水資源管理策略】
● 以ISO 14001作為工廠水資源管理之基礎
● 工廠用水以生活用水為主，因此使用節水設備並加強員工意識為主
【水資源減量目標】
用水密度相較前一年減少2%"
1111005,110,2440,太空梭,,,,,N,公司位於【昌益科技產發園區】由園區統一處理，園區內部設置雨水回收系統供園區綠地澆灌、清洗道路與水溝，具有環保永續的綠色園區。整個園區無各別廠戶水錶，水費含在管理費用，持續宣導節約用水。
1111005,110,2441,超豐,1201102.0000,超豐電子股份有限公司營運範圍,,,N,"111年製程廢水回收量較110年增加3,000噸。"
1111005,110,2442,新美齊,2584.0000,110年新美齊新建工程建案,,,N,"1.馬桶使用兩段式省水設備，公共設施小便斗採用電子感應沖水設備，減少浴廁用水量，避免水資源浪費。
2.冷熱水管外覆保溫材，採用不鏽鋼披覆式管材，熱水供應時，確保水溫不變，並可減少熱能損耗。
3.工作陽台採用雨水、洗衣機排水管線分流設計，確保污水不會回流，影響其他樓層住戶，且大幅減輕污水處理設施的負擔。
4.將步道、廣場等人工鋪面局部設計成透水鋪面，是一種兼具防洪功能的生態透水設計，貯留的雨水亦可回收再利用作為灌溉用水。"
1111005,110,2443,昶虹,12.0000,母公司,,,N,無
1111005,110,2444,兆勁,26058.0000,僅母公司,0.0147,營業額,大腸桿菌群&LT; 1 CFU/ 100ml,無資料
1111005,110,2449,京元電子,3753632.0000,母子公司,5392.0000,營業額,N,2023年通過ISO46001管理系統
1111005,110,2450,神腦,8.6700,母公司新店總公司共11處辦公室,0.0200,人,按ISO 14064-1:2018進行溫室氣體盤查，並通過SGS-Taiwan查證,水資源管理請詳2021年永續報告書第六大項環境永續
1111005,110,2451,創見,27710.0000,僅母公司,1.9357,百萬營業額,N,1.本公司水資源使用皆為民生用水，產品製程過程中不需用水，故對在地用水無重大衝擊影響。2.本公司主要節水措施為水龍頭採用感應出水式龍頭，將出水量下調，以節約用水。
1111005,110,2453,凌群,9025.0000,母公司,1.6180,百萬營業額,N,營運過程中，除一般民生用水外不會產生額外廢水，水源來自自來水公司，汙水亦依規定排放，無水污染疑慮。111年公司將持續落實日常生活節約用水，以節省1%之用水量為目標。
1111005,110,2454,聯發科,381812.0000,僅母公司,34.7600,母公司員工人數,N,"透過回收雨水/空調冷凝水/RO餘水,以及使用省水馬桶/水龍頭等設備,提升水資源使用效率,2021年節水比例達4.9% (超過原設定目標4.0%)"
1111005,110,2455,全新,74480.0000,平鎮廠、平鎮二廠,74480.0000,產品,N,無
1111005,110,2457,飛宏,425754.0000,合併財務報表之母子公司,152.0000,人,N,年減5%
1111005,110,2458,義隆,22005.0000,義隆電子、義隆香港、義晶、義碩、義傳,32.5400,年-人,AA1000,無
1111005,110,2459,敦吉,6071.0000,母公司及子公司敦吉檢測科技股份有限公司台北商辦大樓,,,N,倡導省水之美德
1111005,110,2460,建通,,,,,N,公司定期針對用水量及廢棄物進行統計控制，並於用水設施適當的張貼節約用水等標語。
1111005,110,2461,光群雷,10435.0000,僅母公司,7.7300,百萬營業額,N,政策宣導用水節約方針，架構純水設備排放水再利用
1111005,110,2462,良得電,,,,,N,推動各項節水方案，落實節水
1111005,110,2464,盟立,,,,,N,N/A
1111005,110,2465,麗臺,2954.0000,工廠,,,N,3.	公司使用水源為自來水，製程並無用水需求，只有一般生活用水(空調、飲用水、清潔等)，對環境影響衝擊不大。但基於環境永續考量，採取節水措施，例如水龍頭加裝節水閥來降低使用量，同時加強宣導節約用水的相關資訊。
1111005,110,2466,冠西電,10435.0000,母公司宜蘭廠,0.0177,營業額,N,無資料
1111005,110,2467,志聖,12231.0000,僅母公司,,,N,本公司目前暫無相關減量目標
1111005,110,2468,華經,1606.0000,包含合併財務報表之母子公司,,,N,無資料
1111005,110,2471,資通,7265.0000,主要來源為辦公同仁基本之民生用水。,,,N,呼籲同仁節約用水。
1111005,110,2472,立隆電,2597820.0000,合併,,,N,"公司每月統計用電及co2排放量，以掌控各單位
節能減碳作業之執行情形，並設置雨水回收循
環供應景觀池及廁所汙物盆，以節省用水量。"
1111005,110,2474,可成,1327796.0000,僅母公司台南廠區自來水總用量,0.2313,產品,N,藉由節水措施與水資源再生機制，減少自來水使用量，並全面落實廢水管理持續嚴格管控水質，將環境生態造成的影響降到最低，達到與環境生態永續共存之目標。
1111005,110,2476,鉅祥,,,,,N,尚在盤查中
1111005,110,2477,美隆電,5322.0000,110/01/01~110/12/31,1.6092,營業額,N,持續推動各項節水方案，落實節水成效透過日常管理及巡檢，發掘可行節水措施推動水資源教育，提升利害關係人用水素養。
1111005,110,2478,大毅,261774.0000,母公司,0.0000,營業額,N,研擬中
1111005,110,2480,敦陽科,1385.0000,新竹總公司,1385.0000,營業額,N,本公司的營運模式主要為產品銷售與客戶服務，我們無製造工廠，營運型態屬一般辦公大樓，未大量使用水資源，日常辦公用水為我們主要的用水來源，並取自市政用水，對水源無顯著影響。在廢水管理方面，辦公室廢水產生主要為生活污水，我們依地方法規排放至公共下水道後由地方廢水處理廠處理，對生態環境無顯著衝擊。為珍惜水資源使用，我們持續探索各項節水的可能性。例如:更換中央空調冷卻水塔設備，公共區域使用省水馬桶調節馬桶沖水量、小便斗使用自動感應給水，以達節水目的。
1111005,110,2481,強茂,350833.0000,岡山廠,40.3000,營業額,N,為降低對環境負荷，本公司廠內製程廢水經廢水處理後依排水特性分流管理，以增加水量回收率及降低廢水處理加藥量，並於111年增設製程之用水回收系統，以期達到製程用水回收率較110年度提升5%之目標。
1111005,110,2482,連宇,6525.0000,母公司,,,N,無資料
1111005,110,2483,百容,17379.0000,僅母公司,,,N,設置雨水儲存澆灌系統
1111005,110,2484,希華,72529.0000,母公司,25.7200,百萬營業額,N,無，本公司非屬高耗能產業
1111005,110,2485,兆赫,47266.0000,僅母公司,0.0000,營業額,N,尚無資料
1111005,110,2486,一詮,194314.0000,110年度自來水水費通知單,0.0646,千元營業額,N,"1、.降低設備水資源用量。
2、.定期檢查廠區原水與製程用水管線，避免水資源洩漏，造成浪費。
3、.持續進行節水宣導，鼓勵員工節約用水。
4、.提升回收水再使用，降低對原水的依賴。"
1111005,110,2488,漢平,7100.0000,2021年自來水公司帳單,2.8560,7100度 除以 2486百萬營收 = 2.856,N,監測用水量變化，避免管路漏水或設備故障，造成的水資源浪費
1111005,110,2489,瑞軒,118547.0000,"1.範疇涵蓋母公司(含總公司/越南廠)及子公司(蘇州樂軒科技有限公司)
2.所有範疇區域用水皆來自第三方供應自來水",5.3320,營業額,N,"進行節約用水宣導並每日巡檢水閥門等管件以即時處理漏水
越南廠實施空調排放水回收並用以進行廠房降溫
制定《水污染管制程序》、《廢棄物管制程序》作為污染防制行動"
1111005,110,2491,吉祥全,799.0000,母子公司,,,N,"本公司所屬產業用水量不大，經鑑別主要使用水為廠區之自來水廠供水等生活用水。以制度規範及人員宣導(利用新進人員訓練及部門教育訓練進行強化宣導)。本公司仍將持續思考水資源回收與再探討進化方式，提升整體用水效率。
訂定節約用水110年度目標增減幅度為2%。"
1111005,110,2492,華新科,2908644.0000,華新科技及子公司(東莞華科電子有限公司 / 蘇州華科電子有限公司 / 廣州匯僑電子有限公司),0.0024,產品,N,尚未建立
1111005,110,2493,揚博,,,,,N,無資料
1111005,110,2495,普安,,,,,N,用水量部分因園區統一計量而無確切使用數據，惟本公司生產過程無製程用水需求，水資源耗用主要在民生用水部分，故內部持續向同仁進行用水習慣宣導，落實節約用水政策。
1111005,110,2496,卓越,,,,,N,暫無相關規劃。
1111005,110,2497,怡利電,,,,,N,尚在時程規劃
1111005,110,2498,宏達電,81206.0000,範圍以HTC台灣區域為主，涵蓋所有HTC在台灣執行營運的母子公司組織範疇,0.1300,81206度/年/1720人/360日=0.13度/日,AA1000,"HTC總公司與工廠用水均為員工辦公與生活使用，且生產線均為乾製程，產生的污水主要來自於員工的廁所及清洗等生活污水與餐廳廢水，並無製程廢水，並不會對附近水體造成不良影響。
2021年度水資源管理目標為用水回收率75%"
1111005,110,2501,國建,1351.0000,僅母公司,8.8900,員工人數,僅就資料內容進行確認,"一、水資源管理政策下：
1.加強新進人員對公司環境政策之宣導及管理。
2.水龍頭改為自動出水方式，並將龍頭及便器調整最適當水量。
3.宣導洗滌器具好習慣，減少用水量。
4.隨時巡檢用水器具，若有故障漏水即時檢修。
5.全面推行自用環保杯活動。
6.全面更新變頻節能空調設備，大量減少冷卻水使用量。
二、用水減量目標，以每年減少5%使用量為目標。"
1111005,110,2504,國產,153970.0000,僅總公司及汐止、台中及台南廠,,,N,宣導節約用水
1111005,110,2505,國揚,,,,,N,尚無水資源管理或減量目標
1111005,110,2506,太設,,,,,N,無資料。
1111005,110,2509,全坤建,,,,,N,不適用
1111005,110,2511,太子,243.8690,母公司,2.4600,"平方公尺(總樓地板面積為99,150平方公尺)",N,無
1111005,110,2514,龍邦,,,,,N,無資料
1111005,110,2515,中工,,,,,N,無資料
1111005,110,2516,新建,,,,,N,尚未訂定
1111005,110,2520,冠德,1324.0000,冠德大樓用水量,,,N,節省0.5%
1111005,110,2524,京城,,,,,N,無。
1111005,110,2527,宏璟,,,,,N,不適用
1111005,110,2528,皇普,,,,,N,無
1111005,110,2530,華建,564.4500,母公司,0.4200,以用水量/面積計算,N,"本公司水資源管理或減量之中長期目標，預計於於2020 年至2025 年總用水密集度
維持0.9 m3/m2以下。"
1111005,110,2534,宏盛,,,,,N,N/A
1111005,110,2535,達欣工,2203.0000,母公司營運總部,0.1487,營業額( /百萬 ),N,進行節水宣導、水龍頭加裝節水器節省用水量、檢查供水系統是否有漏水並即時報修、工岸設置水撲滿等雨水截留設備
1111005,110,2536,宏普,,,,,N,不適用
1111005,110,2537,聯上發,,,,,N,
1111005,110,2538,基泰,,,,,N,無
1111005,110,2539,櫻花建,229158.0000,母公司,0.5113,總樓地板面積㎡,N,尚未訂定相關政策
1111005,110,2540,愛山林,,,,,N,節水技術最佳化，持續提高水回收率
1111005,110,2542,興富發,2011.0000,母公司,5.9086,營業額,N,"1.選用具省水標章之設備、採用感應式節水水龍頭。
2.工地廢水經初步沉澱後，排至廢水管，進行再次沉澱處理後，再排放至政府指定排水溝。"
1111005,110,2543,皇昌,,,,,N,每年減少1%用水量
1111005,110,2545,皇翔,,,,,N,尚未啟動
1111005,110,2546,根基,1324.0000,冠德大樓用水量,,,N,較上一年度節省0.5%
1111005,110,2547,日勝生,36864.0000,日勝生/日鼎水務/萬達通/青埔案,11.3800,日勝生: 噸/人,N,"日勝生
透過汰換水龍頭進水閥及採購泡沫洗手乳，將節約用水落實於日常營運活動中。
萬達通
每月檢視用水量變化，掌握水資源使用情況，並研擬省水方案，轉運站用水密度以降低1%為目標，且每4小時有場站管理人員巡查站內是否有設施漏水。
日鼎水務
針對日益嚴重的缺水風險與限水問題，規劃相關應變措施，加強自來水管線抓漏，定期申報並維護CWMS系統，掌握每日放放流水水質。也持續推廣回收水之取用，及節水措施之改善，並要求員工及廠商節約用水，並掌握水資源使用情況。"
1111005,110,2548,華固,962.0000,僅母公司辦公室,2.8730,母公司樓地板面積(坪),N,"1.調整水龍頭出水量（如：調整出水水量或加裝省水水龍頭裝置）
2.宣導同仁沖水、洗手時，每次沖溼和洗淨間暫時關閉水源"
1111005,110,2597,潤弘,581735.0000,冬山廠冷卻用水,,,N,詳年報說明
1111005,110,2601,益航,1023.2200,合併財務報表之母子公司,,,N,加強現場管理，減少用水浪費。部分水資源回收再利用。採用節水設備，以達到減量使用，污水污水符合國家排放水標準規定
1111005,110,2603,長榮,122092.0000,海上船舶及陸上營運,,,N,陸上2025年及2030年與2020年相比各減2.5%及7.5%
1111005,110,2605,新興,,,,,N,無資料
1111005,110,2606,裕民,1.5800,船舶艙底水及排泄汙水,,,DNV VeriSustain 中度保證等級,每月排放限制為小於3500公升
1111005,110,2607,榮運,,,,,N,無
1111005,110,2608,嘉里大榮,1935990.8555,嘉里大榮總公司及全部營運站點(不含關係企業),,,N,設置省水裝置，宣導節約用水。
1111005,110,2609,陽明,41613.0000,七堵總公司、基隆分公司(含基隆陽明貨櫃場)、高雄分公司(含70號碼頭)、台灣營業部、梧棲辦公室。,,,N,設置省水裝置，宣導節約用水。
1111005,110,2610,華航,118422.0000,2021年度用水總量,10.8700,用水總量/總員工人數,ISO 14001,"1.2021年本公司取水量計為118,422度，相較於2020年減少約12%。2021年考量防疫需求，確保政府公衛要求之清潔效果
及風險管控，調整部分區域設施。本公司仍積極增設水表、中水回收管道，亦持續推動節約澆灌用水，實施ECO-SHINE、
Callington等環保省水飛機清洗技術等措施。在防疫優先前提下，從系統面、管理面最小化水資源的耗用。
2. 減量目標：
(1) 2023年地面用水較2018年減量5%
(2) 2025年地面用水較2018年減量7%
(3) 2030年地面用水較2018年減量10%"
1111005,110,2611,志信,,,,,N,無
1111005,110,2612,中航,12475.0000,"合併公司楊梅,台中,高雄場區及辦公室",3.5104,佰萬營業額,N,無資料
1111005,110,2613,中櫃,19138.0000,本公司,,,N,"本公司宣導節能用水，110年各站用水量計19,138度(碳排量2,979.8公斤)較109年23,261度(碳排量3,608公斤)。110年較109年節省4,123度，約18%。"
1111005,110,2614,東森,17518.0000,僅母公司,12.7900,營收百萬元,N,以年減1%為目標
1111005,110,2615,萬海,41530.0000,台中高雄專用碼頭與台北高雄辦公室,35.4600,噸/人，分母為台灣員工總人數,N,萬海的水資源管理方式為：降低水資源浪費，推動源頭減量，提升水回收再利用率
1111005,110,2616,山隆,,,,,N,
1111005,110,2617,台航,,,,,N,無
1111005,110,2618,長榮航,134597.0000,僅母公司,0.5700,總用水/樓地板面積,ISO14001環境管理系統,"長榮航空臺灣營運據點所需用水主要由自來水公司供應，未有因為營運用水而受影響之
水源，無使用來自地表水、地下水與海水等水源。本公司所有放流水為民生用水，排放
地為市政府之處理系統，未有排放至自然水體。此外，南崁園區建置雨水回收與冷凝水
回收系統，使用少量回收水，以增加水資源再利用的效率。在各辦公大樓採購廚衛設
備，優先採用省水標章產品，並在大部分洗手間裝設紅外線自動感應式水龍頭，調整水
龍頭出水量設定以及不定期的宣導員工節約用水的概念，以達到水資源利用的最佳化。"
1111005,110,2630,亞航,53252.0000,本公司廠區(松山、台中、台南(含歸仁)、屏東)所使用之用水量。,13.7072,百萬營業額,N,"1.管線汰舊換新，以減少水資源流失。
2.安裝節水設備，以減少水源浪費。
3.設置循環水資源系統，以增加再生水源使用。"
1111005,110,2633,台灣高鐵,594195.0000,車站、基地及總公司,,,N,力行「節約用水、使用減量、回收再利用」三大策略，積極實踐完善的水資源治理措施。
1111005,110,2634,漢翔,1324793.0000,僅母公司,55.8200,百萬營業額,N,持續檢討精進用水與水資源回收利用計畫，達到最少用水與最高回收使用百分比。
1111005,110,2636,台驊投控,,,,,N,
1111005,110,2637,慧洋-KY,1543.0000,包含合併財務報表之母子公司,0.4600,用水量 / 辦公室樓地板面積(平方公尺),N,透過內部公告定期向同仁宣導節水觀念，在硬體方面也逐步選用省水產品，包含於2019年裝修時更新廁所硬體設備，設置感應式水龍頭及可控制沖水量之馬桶等。
1111005,110,2642,宅配通,56341.2000,台灣宅配通股份有限公司,,,N,無資料
1111005,110,2701,萬企,,,,,N,無相關資料
1111005,110,2702,華園,27461.0000,僅為母公司,43665.0000,千元營業額,N,無
1111005,110,2704,國賓,529238.0000,"2021/1/1~2021/12/31以國賓大飯店為主體，包
含台北、新竹、高雄三館",0.3522,千元營業額,N,我們於各館設有能源查核專責組織及每年節水 1% 之環境管理目標，由協理以上人員進行督導與策略訂定，並由各部門主管擔任推行及執行人員。
1111005,110,2705,六福,867560.0000,母公司之主要營運地，包含總公司及南港分公司,0.6946,營業額-千元,N,尚未訂定目標，未來將會制訂。
1111005,110,2706,第一店,,,,,N,NA
1111005,110,2707,晶華,314798.0000,台北晶華,134.4642,百萬營業額,N,"在節約用水方面加強員工宣導，並且定期巡視工作現場水資源使用狀況，於供水管線加裝減壓閥，以有效調整衛浴設備適當供水量；此外，加強蒸氣管線的回收水再利用，並將游泳池的排水回收予冰水主機再利用。
除持續行之有年的「環保綠葉卡」鼓勵住客重視環保議題，對於連續住宿客人，不逐日更換布巾及床單以減少水資源浪費；推廣多年成績斐然也一直受到眾多客人的響應與支持，節省了可觀的水資源與清潔劑用量，也達到節能減碳的效果，更重要的是讓房客與我們一起響應護地球的心願。"
1111005,110,2712,遠雄來,142042.0000,母公司,0.0004,營業額,N,
1111005,110,2722,夏都,146409.0000,僅為母公司,,,N,墾丁夏都沙灘酒店對於生活汙水全數予以回收，並再利用做為澆灌使用。水資源管理政策每三年為一週期，每一週期較前一週期節水３％。
1111005,110,2723,美食-KY,,,,,N,未來擬持續評估執行用水量統計之時程規劃。
1111005,110,2727,王品,1981104.0000,含王品、王莆(子公司)、群品(子公司),1981104.0000,水費單各店平均值,N,採用感應式省水龍頭、省水馬桶、小便斗自動沖水
1111005,110,2731,雄獅,,,,,N,無
1111005,110,2739,寒舍,635938.0000,母公司,0.2725,仟元營業額,N,"設備部分，於館內設置中水回收裝置，回收利用的水循環用於空調冷卻水塔，並每月保養水循環設備(另安排季度、年度保養)，透過做好清潔、耗件更換、結構與機能檢查，除了有效利用水資源外，也降低設備損耗帶來的成本。將客房蓮蓬頭逐次汰換為省水型，並於全館水龍頭安裝節水墊片，且於公共水區增設水表，以利管控用水量。
軟體部分，寒舍於客房放置Make a Green Choice 卡片已行之有年，提供客人不換洗床單及被單的選擇，希望透過環保卡的放置鼓勵房客與飯店一同維護地球環境，於住房期間減少更換床上布巾品、毛巾及浴袍，進而減少清洗造成的能源與水資源消耗。我們期望透過與顧客一同努力，實踐環境永續旅遊的概念，並持續降低對環境的衝擊與負擔。"
1111005,110,2748,雲品,268502.0000,合併財務報表母子公司,185.0583,營業額,N,"雲品國際所有水源均為台灣自來水公司供應的合法自來水源及溫泉水，透過每月定期申報，持續精進水資源管理，並也已訂定每年節約用水之節水目標與積極達成。雲品國際亦針對缺水時期之緊急應變措施，各分館亦已訂定相關合宜辦法因應，確保水源供給來源穩定。2021年雲品國際取水量大幅下降，主要是受到疫情影響部分月份暫停營運用水量減少。
為確保水資源管理政策之落實，雲品國際亦建立專責的「節水查核管理組織」，並透過水資源查核管理小組的管理、推行、執行三大階層，確保各水資源節約專案計畫的進程與策略方向。
雲品國際於各分公司持續推動各項節水措施，也向員工進行環境保護及節水觀念教育訓練；此外，各分館也積極邀請旅客響應節約用水，客房內設有可供連宿房客選擇是否更換床單之環保節水共融卡及節約用水的宣導告示牌。
詳細說明請詳2021永續報告書。"
1111005,110,2753,八方雲集,133157.0000,母公司淡水廠、西螺廠、高雄廠,33.1600,百萬營業額,N,尚無資料
1111005,110,2801,彰銀,160777.0000,母公司之國內全數營運據點,24.3200,員工人數,ISO 46001,為落實水資源使用效率，降低水資源浪費，本行制定水資源效率管理政策，承諾以「宣傳與推廣節水理念，確保落實節約用水」、「新設或汰換設備時，優先採購具省水標章之產品」、「定期追蹤水資源使用效率，以降低整體用水量」、「持續投入改善資源，逐年提升水資源績效」、「遵守水資源管理法規與其他相關要求」等，以尋求節水機會並訂定水資源減量措施。
1111005,110,2809,京城銀,19719.0000,母公司總行大樓及66間分行,1.9800,度/淨營收(百萬元),N,較基準年(2017)減少10%
1111005,110,2812,台中銀,14358.0000,總行民權及民族大樓、南台中分行及太平員訓中心,,,N,N/A
1111005,110,2816,旺旺保,10883.0000,總公司及17家分公司,98.0000,人,N,單位人均用水量至2022年減少6%，到2025年減少6.5%(以2020年為基期)
1111005,110,2820,華票,2184.0000,總公司與5家分公司,,,N,華票環境永續策略(詳永續報告書)
1111005,110,2832,台產,,,,,N,持續宣導同仁節水等措施，提升資源利用率
1111005,110,2834,臺企銀,115560.1377,總行及國內125家分行,21.7500,員工人數,ISO 14001,2022年較2021年節水0.5%，執行節水省電措施。
1111005,110,2836,高雄銀,3729.0000,母公司總行大樓,,,N,定期調整自來水龍頭出水量
1111005,110,2838,聯邦銀,86166.0000,全行各單位,,,N,本行將持續辦理：管線檢修避免滲漏水、老舊馬桶汰換為節水馬桶，以及水龍頭加裝節水器或改為感應式節水龍頭等措施，並以2021年為基期，至2030年以節水8%為目標。
1111005,110,2845,遠東銀,56274.0000,母公司國內外所有據點,21.8400,人,N,新裝修分行水龍頭裝設節流省水設備，並以省水馬桶取代一般馬桶。
1111005,110,2849,安泰銀,29673.0000,110年全行用水,,,N,2021年設為節能減碳基準年，並依據經濟部能源局碳排放係數計算，以未來五年減少2%CO2e排放量為管理目標。
1111005,110,2850,新產,179435.0000,總公司及分公司,5.9880,服務,N,各方面做好節水措施，預期111年度有效減少水資源的用量4.8%
1111005,110,2851,中再保,3454.0000,母公司,,,N,詳本公司110年報p.49
1111005,110,2852,第一保,883.0000,總公司,0.0380,人,N,總公司水資源已逐步使用省水標章，並強化設備，以避免漏水且定期清洗辦公大樓水塔，並調節水龍頭出水量，以達到減少使用水資源，未來將擴及至各分公司及通訊處之相關省水設備裝設使用。
1111005,110,2855,統一證,12198.2600,總部大樓,18.6500,人均,N,"用水設備
．調降水壓，降低出水量
．水費納入管理報表，各單位當月用水量如超出預算必須就超限費用提出異常說明及改善方法。"
1111005,110,2867,三商壽,145100.0000,全公司,1.0100,營業額(百萬元),N,於2021年訂定節水目標，預計未來3年內節省3%的用水度數，除加裝省水水龍頭，也持續向同仁宣導節水措施
1111005,110,2880,華南金,304211.3200,本集團國內全數營運據點(含總部),29.3100,員工總數,N,2025年較2020年減少3%
1111005,110,2881,富邦金,437978.0000,富邦金控、富邦人壽、台北富邦銀行、富邦產物及富邦證券。,12.2500,人 (員工),ISO14001,以2017年為基準年，至2021年節水4%，至2025年節水10%。
1111005,110,2882,國泰金,596154.0000,包含集團(金控、人壽、銀行、產險、證券、投信、投顧、創投、期貨、私募)之國內據點,12.8400,總員工數,ISO14064-1,每年集團人均用水不超過14.0度/人
1111005,110,2883,開發金,213660.0000,包含合併報表之母子公司，員工涵蓋率99.27%,,,N,用水量較2016年減少2%、建置雨水回收設備
1111005,110,2884,玉山金,238715.0000,100%持有合併財務報表之母子公司,4.1231,營收百萬元,ISO 14046,以2016年為基準，至2025年每單位營收用水量減少30%
1111005,110,2885,元大金,184150.0000,公司或包含合併財務報表之母子公司之台灣營運範疇,0.6300,樓地板面積,ISO14046,公司或包含合併財務報表之母子公司之台灣營運範疇
1111005,110,2886,兆豐金,187920.0000,包含合併財務報表母子公司之國內所有據點,22.1200,人均,ISAE 3000,"短期目標：111年用水量較109年基準年減少1%
（110年較109年減少3.15%，已達成目標）
中期目標：114年用水量較109年基準年減少2.5%
長期目標：119年用水量較109年基準年減少5%"
1111005,110,2887,台新金,124582.0000,以台新金控及台新銀行用水量推估至全金控,11.1900,員工人數,GRI準則-核心選項與AA1000AS v3第二類型中度保證等級查證,台新的用水均為自來水，並無取用地下水或其他水源，營運過程產生的生活污水均依相關規範進行排放。除持續宣導節約用水外，每日加強巡檢設備，並使用具省水標章的二段式省水馬桶、水龍頭節水器等配件以保護有限的水資源。
1111005,110,2888,新光金,349461.0000,100%包含合併財務報表之母子公司,21.6500,人均用水量,新光人壽摩天大樓於2018年導入ISO 14046，並持續有效,2019年為基準至2025年總用水量減少6%
1111005,110,2889,國票金,,,,,N,目前仍委任顧問規劃中。
1111005,110,2890,永豐金,171054.0000,金控及旗下5家主要子公司（永豐銀行、永豐金證券、永豐投信、永豐金租賃、永豐創業投資） 之國內所有營運據點納入統計範疇。,20.2527,每人,"AA1000 Assurance Standard v3, Type 2 Moderate level of assurance","永豐金控與其子公司耗用之水資源皆以自來水為主，主要用於飲用、空調系統及清潔等，無地下水或其他方式之
水源供應。 2021年耗水總量為171,054度，人均耗水量20.25度，透過汰換空調冷卻水塔、加裝感應式水龍頭，
並於「永豐生活」網站 平台，向全體同仁宣導珍惜水資源等節水措施作為，成功達成較基準年2020年減量1%
目標，減量達3.8%。未來永豐金控將持續推動相關節水措施，以達成年均耗水量較基準年每年減量1%之目標。"
1111005,110,2891,中信金,341939.0000,為與溫室氣體查證邏輯一致， 2020年起，用水量盤查範疇扣除中國信託金融園區之商家用水量。,25.0800,人,N,"為了降低水情況帶來之潛在衝擊與風險，中國信託金融園區全面採用雨水回收設備、循環再利用系統及省水設備、光電開關調整水量。園區地下樓層規劃儲水量達 2,625 噸的雨水回收池，以因應極端氣候可能帶來之缺水危機，大雨來時亦可作為滯洪池。2021年總用水量約為 341,939立方公尺，達成節水目標，並以 2020 年為基準年，訂定 2022 年用水總量減少 1%。"
1111005,110,2892,第一金,201230.0000,涵蓋範圍為第一銀行國內全數營運據點及證券、投信、人壽、AMC之總公司。,23.9000,"201,230公噸/8,414人=23.9公噸",ISO46001水效率管理系統,"設定110年總用水量低於203,800公噸之目標。"
1111005,110,2897,王道銀行,15663.0000,母公司全台營運據點,17.9000,員工人數,ISO 14001,王道銀行持續提升各項硬體設備的用水效能，包括：總行大樓空調設備選用氣冷式系統，大量減少水資源之耗用量；洗手間檯面設置紅外線給水設備，自動調整出水量；各類供水設備定期清洗、更換濾心並送檢測，以達節能功效並保障員工用水安全；大樓植栽區的噴灌系統依季節、天候調控用水；瀑布魚池區之用水採循環過濾系統，以活化水資源並重複利用。王道銀行設有短期(2023年)、中期(2025年)及長期(2030年)之人均用水量減量目標，分別較基準年減量3%、5%及8%。
1111005,110,2901,欣欣,58965.0000,包含合併財務報表之母子公司,,,N,每年減量至少1%
1111005,110,2903,遠百,1569654.0000,僅母公司,3346.8000,億元營業額,ISO 14046,"1.依公司年度用水量計畫，建立KPI指標進行管控。
2.空調用冷卻水電導度控制超標管理。
3.推動節水措施，裝置省水裝置。"
1111005,110,2904,匯僑,29126.0000,臺中港西二及西五槽區,,,N,刻正研議中。
1111005,110,2905,三商,,,,,N,參考國際倡議及政府環保政策，擬定水資源管理政策及設定目標（未來五年內用水量每年降低1%）
1111005,110,2906,高林,,,,,N,無
1111005,110,2908,特力,53.9000,特力(股)總部、楊梅物流中心及台中辦公室,0.0020,百萬營收,N,非主要資源消耗項目，暫不列入優先落實目標中。
1111005,110,2910,統領,,,,,N,0
1111005,110,2911,麗嬰房,,,,,N,無
1111005,110,2912,統一超,2483875.0000,"實際統計包含總部大樓及4,071家門市、推估值包含9 處區辦公室及2,308家門市。",368.0000,門市數,AA1000 type2,"統一超商所有營運據點均使用自來水，除現調飲品用水外，整體用水量以門市清潔為最大宗。未來門市將規畫實施RO逆滲透餘水再利用，將RO逆滲透過濾過程中浪費的餘水從排水管線取出、接回水塔，可作為簡易水龍頭洗滌、大樓清潔及浴廁沖洗用。
經分析門市端營運活動型態與用水量的關聯性，我們將現調飲品相關用水量扣除，做為管理門市用水的基準，統一超商承諾以2019年為基準年，扣除現調飲品相關用水量，每年單店實際用水量較基準年下降1%，至2025年較基準年減少5%。
總部大樓雖然用水量占比較少，但我們以身作則，密切觀測年度用水量作為內部管理指標，透過節水行動持續減少用水，例如：導入降低廁所與茶水間的水龍頭出水量並加裝省水器、裝設小便斗節水器、調整馬桶最適出水量、減少植栽噴灌頻率等。"
1111005,110,2913,農林,,,,,N,無資料
1111005,110,2915,潤泰全,3809.0000,母公司,,,N,預期逐年減少用水量10%~20%，每年檢討實際情況，適時調整。
1111005,110,2923,鼎固-KY,991869.0000,包含上海打浦橋日月光中心、上海嘉定日月光中心、上海御華山以及重慶日月光中心，共計四據點。,20.6500,新台幣十萬元營收,N,透過水平衡測試掌握商場用水現狀與用水基本參數之間的比例定量關係，確認其用水參數的用量值並加強內部用水的管理工作。
1111005,110,2929,淘帝-KY,,,,,N,本公司致力於提升各項資源之利用效率，向員工提倡低碳辦公、節水節電等良好習慣，且建立了光伏發電站。
1111005,110,2939,凱羿-KY,,,,,N,公司目前尚未統計過去兩年用水量，未來將逐步進行改善。
1111005,110,2945,三商家購,24000.0000,依每月水費單據其數據顯示之度數估算。,,,N,裝設生飲等級淨水器
1111005,110,3002,歐格,1473.0000,僅母公司,5.7200,營業額,N,無資料
1111005,110,3003,健和興,66830.0000,母公司,0.0000,產品,N,"1.RO廢水回收再利用超過500噸/年。
2.蒐集雨水與空調冷凝水，使用於環境清潔、沖馬桶與綠化澆灌。"
1111005,110,3004,豐達科,79877.0000,母公司,61.5400,單位:百萬營業額,N,雨水回收利用及製程改善，減少水資源使用
1111005,110,3005,神基,783480.0000,涵蓋神基投控暨其八家子公司,730.0000,營業額,GRI Standards核心依循選項與AA 1000 ASv3 Type1 中度保證等級的要求,神基各廠區通過ISO14001環境管理系統，針對用水制定作業管理規範
1111005,110,3006,晶豪科,17820.0000,母公司,0.7474,用水量/百萬營業額(個體),N,至114年較108年減少2%
1111005,110,3008,大立光,904925.0000,母公司,,,N,指標性廠區用水回收率達90%以上
1111005,110,3010,華立,3565.0000,僅母公司(台北、台中、高雄辦公地點),,,N,本公司仍全面落實水資源管理，辦公室員工生活用水進行水資源減量規劃時，以基礎設施檢修與改善為主，除加裝節水器外，亦持續督導員工節水環境教育宣導，力行節約用水，降低對水資源及環境的衝擊。
1111005,110,3011,今皓,,,,,N,無資料
1111005,110,3013,晟銘電,567655.0000,包含合併財務報表之母子公司,,,N,廢水回收再用、用水來源均來自市政用水，無單獨取自河川湖泊或地下水源，對水源及社區用水無顯著影響。
1111005,110,3014,聯陽,12914.0000,母公司,,,N,滾動式調整，比去年降低5%
1111005,110,3015,全漢,194020.0000,母公司與部分子公司,35.2700,母公司與部分子公司的員工人數,N,"水資源管理政策:
進行水資源管理措施，設備變更評估優先選購省水設備
，降低水資源浪費與進行員工教育宣導。
減量目標:
2022年總用水量較2021年減量 1%"
1111005,110,3016,嘉晶,522316.0000,110/1/1~110/12/31,5.5200,產品,N,持續節水宣導與用水減量對策
1111005,110,3017,奇鋐,1525496.4600,台灣高雄、深圳奇宏/興奇宏、東莞明鑫/興奇宏、成都奇宏、武漢奇宏/興奇宏、嘉善萬順達,32.2200,"總用水量/營業額=1,525,496公噸/47,332 TWD’M = 32.22",N,視各廠區自定之目標管理
1111005,110,3018,同開,,,,,N,無
1111005,110,3019,亞光,90054.0000,僅母公司潭子廠區,,,N,事業廢水排放量減量2%
1111005,110,3021,鴻名,,,,,N,"(1)張貼節約用水標語，使大家養成隨時關水習慣。
(2)發現漏水應立即通報，避免於浪費用水。
(3)透過中央監控設備控管辦公室環境溫度，降低空調設備運轉量，做好省水之基礎。"
1111005,110,3022,威強電,,,,,N,本公司為非高耗能產業，用水量僅為一般民生用水。
1111005,110,3023,信邦,56936.2000,集團100%持股之11個據點,2.2300,"56,936.2(噸)/25,530.706 (新台幣百萬元,2021年營收)= 2.23",N,持續推動水資源利用效率提升措施，包含使用具有省水標章之產品(水龍頭、坐式馬桶水箱)、老舊管線定期汰換、用水開關檢點與用水巡檢、張貼節約標示並不定期email宣導員工節約用水，另將工廠生產中用於冷卻機台之冷卻水採循環利用，將冷卻水導入專用水塔不斷重複使用。
1111005,110,3024,憶聲,4797.0000,總公司辦公室,,,N,本公司營運中妥善利用水資源、內部宣導執行節約用水。
1111005,110,3025,星通,,,,,N,不適用
1111005,110,3026,禾伸堂,255445.0000,母公司,12.9600,產品,N,2024年每百萬顆產品單位用水量較基準年(2019年)減少8%
1111005,110,3027,盛達,,,,,N,無資料
1111005,110,3028,增你強,6826.0000,母公司,0.1624,營業額,N,詳年報揭露
1111005,110,3029,零壹,,,,,N,無。
1111005,110,3030,德律,13395.0000,母公司,0.0630,產品,N,無資料
1111005,110,3031,佰鴻,190955.0000,含合併報表母子公司,124.6400,佰萬營收,N,"持續測量及監控營運水資源使用情形
提高營運用再生水效率及降低汙染
三年內達成降低用水總量1%為目標"
1111005,110,3032,偉訓,,,,,N,無
1111005,110,3033,威健,4629.0000,威健在台灣營運據點為主（臺北內湖總公司、內湖倉儲中心、桃園倉儲中心及中南部聯絡處(新竹、臺中及高雄)）,0.4100,公噸/樓地板面積m2,N,"【水資源管理】
臺北內湖總公司透由參與廠辦大樓管委會，要求裝置節水控制器以珍惜水資源，洗手台水龍頭水量控制微量出水，整棟大樓馬桶於2018年更換為凱撒省水馬桶；其他營運據點則宣導節約用水。
【目標】本公司期望能達成每年較上一年取水量減少 1~2%。"
1111005,110,3034,聯詠,98113.0000,母公司新竹廠區,0.7249,新臺幣百萬營業額,N,提高整體用水效率，節水比率相較前一年>2%
1111005,110,3035,智原,17259.0000,母公司,2.5700,營業額,N,智原科技用水100%來自台灣自來水公司，主要為一般生活用水，無製程用水；智原科技將持續推動各項節水措施與宣導，以減少及管控水資源消耗。
1111005,110,3036,文曄,11138.0000,包含合併財務報表母子公司之台灣各營運據點,0.4200,樓地板面積(平方公尺),N,"持續利用各種方式宣導節約用水相關資訊，優先採購具省水標章的用水設備，及定期派員
巡檢是否有漏水情形，期望能從落實節約民生用水做起，進而使水資源發揮最大效益。"
1111005,110,3037,欣興,20039114.0000,母公司及部份子公司,192.0000,百萬元營業額,AWS (國際水資源管理標準),水資源耗用強度維持310↓(噸/百萬營收)
1111005,110,3038,全台,301220.0000,母公司及東莞廠,25.3700,KPCS,N,"臺灣營運總部與東莞廠最近3年平均節水率
各為1.24%與110年設定目標各為0.36%與
0.22%以上，故皆已達成目標。
具體採取之減量措施為純水系統膜管更換、
宿舍廁所安裝省水器與更換節能水龍頭。"
1111005,110,3040,遠見,0.5000,母公司,,,N,無工廠，無生產行為
1111005,110,3041,揚智,1598.0000,僅母公司,0.0243,產品,N,更換紅外線感應式龍頭減少不必要用水
1111005,110,3042,晶技,230033.0000,2021年自來水總用量,19.6929,以個體營收計算，單位 : 新臺幣佰萬元,N,在水資源管理方面，從落實日常生活節約用水做起，將可利用之資源發揮更大效益。多年來致力於水資源回收再利用，對於製造純水過程中所產生的RO濃縮水進行收集並做為民生沖廁及空調冷卻水補水用。
1111005,110,3043,科風,,,,,N,規劃中
1111005,110,3044,健鼎,19015049.0000,健鼎-平鎮/無錫/湖北廠區,0.3018,營業額,"由TUV驗證並取得白金等級,詳見我司官網www.tripod-tech.com","本公司積極採取節約用水措施，制定標準用水量並進行稽核管控，定期開展節水宣傳，避免不必要浪費。公司設有專門污水處理廠，生產廢水和生活污水分管分流收集，再經過妥善處理及管控檢測水質達標後排放；採用新式回收技術進行水資源回收及再利用，減少廢水中污泥產生，以提高處理效率，降低放流水污染程度。平鎮廠110年目標為用水量較109年減量2%，本年度用水量819,566公噸，與109年相比，減少475,402公噸(5.48%)已達目標。"
1111005,110,3045,台灣大,278827.0000,2021,0.0000,營業額,依中華民國會計研究發展基金會確信準則公報第1號「非屬歷史性財務資訊查核或核閱之確信案件」進行有限確信,2030年用水較2017年減少15%
1111005,110,3046,建碁,435.7400,包含合併財務報表之母子公司,0.1700,百萬營業額,N,"1、減量目標：相較2020年，總用水量降低1%。
2、為能順利達成目標，藉由系統化管理蒐集全球用水數據及變化趨勢，每年審視目標達成狀況。
3、鼓勵各辦公區推行水資源回收再使用、改善用水設備、強化用水管理等節水措施。"
1111005,110,3047,訊舟,9037.0000,僅母公司,2.4864,百萬營業額,N,從落實日常生活節約用水做起，推動節水管理，減少用水量或循環再利用節水效能，將可利用之資源發揮更大效益。以每年節水率2%為目標
1111005,110,3048,益登,3109.0000,僅母公司(台灣區),0.0295,百萬營業額,N,NA
1111005,110,3049,和鑫,1010090.0000,110年度自來水費水費單,0.2226,營業額,N,"水資源管理_用水減量
以2021年為基準年，2022-2030年減量比率  : 6%
2031-2040年減量比率：6%
2041-2050年減量比率：10%
2030年用水總量減6%↓
-2022- 2023年:
(1) 機台端水量盤點:分流回收
(2) 筏基水及O棟雨水新增回收
-2023-2025年:
(1) MMF-ACF Backwash 回收(2) 2B3T-SBP水洗尾段回收
-2026-2030年: 放流廢水回收"
1111005,110,3050,鈺德,37887.0000,僅母公司,,,N,回收水再利用補充於空調冷卻水及景觀澆灌之用
1111005,110,3051,力特,502567.4100,母公司,157.4400,營業額,ISO14001,"製程水回製程使用,每年下降5%用量"
1111005,110,3052,夆典,,,,,N,無
1111005,110,3054,立萬利,,,,,N,無
1111005,110,3055,蔚華科,,,,,N,持續關注水利署水情資訊，並配合政府節水政策，審視水情燈號並做相關應變，並將洗手台出水量減少三分之一使用量。
1111005,110,3056,總太,,,,,N,無
1111005,110,3057,喬鼎,4848.0000,母公司,6.3811,百萬營業額,N,用水加裝節水裝置與內部宣導執行節約用水措施，以每年減量1%以上為目標。
1111005,110,3058,立德,,,,,N,無
1111005,110,3059,華晶科,20.0000,母公司,,,N,以節水比率2%為目標，110年較109年節水16.7%，已達成節水目標。
1111005,110,3060,銘異,87931.0000,僅桃園市龜山區母公司範疇,,,N,單位產能的耗水量較去年減量2%
1111005,110,3062,建漢,5069.0000,110/1~110/12,0.0000,營業額,N,NA
1111005,110,3090,日電貿,0.1490,台北自來水事業處電子繳費憑證,,,N,更換冷氣設備，廢除冷卻水塔。
1111005,110,3092,鴻碩,112740.0000,合併財務報表之重要子公司-鴻碩蘇州公司,0.0375,營業額,ISO 50001,"1.水資源管理
(1)管理方針
在全球氣候變遷影響下，各地區存在著水文特性變化，水風險管理政策化要求，各型災害風險提高等衝擊，對於水資源管理的重要性與日俱增。本公司擬於未來制定水風險管理政策，評估水資源風險以鑑別相關衝擊，承諾進行水回收再利用，設定水資源管理關鍵績效指標，以期掌握水風險並執行調適策略。
(2)管理系統或制度
建置ISO 50001:2018標準。
(3)指標與目標
1.製程水回收率80%以上。
2.耗水量每年絕對減量2%目標。
3.廢水排放符合法規。
(4)評估方法
透過CSR報導，持續追蹤目標達成程度。
2.減量目標
年度減排2%，每年度持續加乘減排。"
1111005,110,3094,聯傑,5375.0000,母公司,19.6100,營業額,N,"聯傑國際用水100%來自台灣自來水公司，主要為一般生活用水，無製程用水；聯傑國際將持續推動各項節水措施與宣導，以減少及管控水資源消耗。目標每年不超過5,375公噸。"
1111005,110,3130,一零四,7112.0000,包含合併財務報表之母子公司全台營運據點,8.7100,員工人數,N,"本公司未從事產品之組裝及實際生產不會有環境污染之製程，故不會產生廢水排放之情事，惟本公司於企業內部仍持續推動各項節能減碳策略。平時透過相關環境宣導課程，向同仁宣導節水減廢觀念。
相關措施具體作為如下：
1.優先採用環保節能標章之產品如水龍頭、馬桶等，減少水資源消耗量。
2.定期飲用水質檢測。"
1111005,110,3138,耀登,2337.0000,僅母公司,0.0000,營業額,N,"1.持續宣導節約用水。
2.廠區已採用省水新式馬桶及加裝省水裝置 。
3.定期追蹤與管理用水數據：與109年相較，110年用水人均量為：2度/人, 較前一年用水人均量為持平。"
1111005,110,3149,正達,167852.8000,母公司,69.0468,"167,852.8公噸/個體營收淨額2,431百萬元",N,製程回收率達85%
1111005,110,3164,景岳,21971.0000,"110年	用水量(度)
1月	1539
2月	1091
3月	1684
4月	1631
5月	1923
6月	1936
7月	2119
8月	2176
9月	1939
10月	2052
11月	2039
12月	1842",585.2185,產品,N,為確保產品品質穩定，製程中全程使用RO系統產生之純水，該系統濾除濃縮水導引至環境清潔（廁所、餐廳、部分冷卻水塔、廢水系統…等）使用，來降低用水浪費。另外廠區內餐廳及廁所之用水設備，採用可節水之裝置，並不定期向員工宣導節水相關資訊。廠務人員每日巡檢廠區內各用水設備及管線，防止漏水情況發生，持續落實日常節水與缺水調適。
1111005,110,3167,大量,195560.0000,母公司,,,N,無
1111005,110,3189,景碩,5825706.0000,母公司,,,N,"以""減量、回收、再利用""為主要思考，推動各項水措施以提升水資源利用率"
1111005,110,3209,全科,1504.0000,僅包括母公司台灣總部,3.1900,營業額,N,本公司期望能達成每年較上一年減少1%用水量或用水碳排放量之管理目標。
1111005,110,3229,晟鈦,97882.0000,本公司110年自用水度數登記,,,N,尚無資料
1111005,110,3231,緯創,4090196.4000,母公司(內湖總部/汐止辦公區/新竹廠)及全球主要營運與製造廠區(昆山廠、泰州廠、中山廠、重慶廠、成都廠、墨西哥廠、捷克廠及昆山光電廠),5.2000,單位:千噸取水量/十億元新台幣(以緯創全球主要製造廠區用水量/ 廠區營收做為計算基準),AA1000:2018,緯創水資源管理方式分為「落實水資源管理與日常節水」與「實踐水回收及廢汙水管理」。透過評估全球據點之水資源壓力指標，盤點出水資源高風險區域，進而搭配水資源管理方針進行預防性措施。由各廠區專職單位負責水資源管理，計畫制定與實施、日常監測與異常排除、數據分析與持續改進。緯創承諾將嚴格遵守國家水資源法，合理利用水資源，優先採用節水型設備，並透過節能看板監控水資源消耗情況，提高水資源利用效率。緯創用水目標為：以2016為基準年，用水密集度2022 年減少10%、2025 年減少13% 及2030 年減少18% 。
1111005,110,3257,虹冠電,1418.0000,110年台水帳單資料,109.0000,營業額,N,"鼓勵同仁節約用水
鼓勵同仁節約用水
鼓勵同仁節約用水"
1111005,110,3266,昇陽,,,,,N,尚無水資源管理或減量目標
1111005,110,3296,勝德,,,,,N,本公司已依第八屆第16次董事會決議，積極投入相關議題的研析，目前研議中
1111005,110,3305,昇貿,28543.0000,110/1/1~110/12/31,,,N,未制定
1111005,110,3308,聯德,,,,,N,水龍頭採用感應出水式龍頭，將出水量下調，以節約用水。
1111005,110,3311,閎暉,,,,,N,無資料。
1111005,110,3312,弘憶股,,,,,N,無。
1111005,110,3321,同泰,380526.0000,母公司,2.6100,產品,N,暫無
1111005,110,3338,泰碩,,,,,N,本公司尚未制定
1111005,110,3346,麗清,5150.0000,2021/01~2021~12,,,N,水資源管理或減量目標擬訂中
1111005,110,3356,奇偶,,,,,N,NA
1111005,110,3376,新日興,41230.0000,僅母公司,,,N,"短期目標-提高RO回收設備效率：
每日有效回收水產水量15噸，較2020年增加2倍，每年回收水產水量為30~40%"
1111005,110,3380,明泰,43780.0000,2021/1/1~2021/12/31,0.0255,營業額,N,無資料
1111005,110,3406,玉晶光,43681.0000,台中市大雅區科雅東路1號,,,N,雨水及製程用水回收利用。
1111005,110,3413,京鼎,,,,,N,預計9月出具
1111005,110,3416,融程電,517.0000,自來水水費單,,,N,未來將納入規劃
1111005,110,3419,譁裕,2280.0000,僅母公司,,,N,設定導電度來控制排水量
1111005,110,3432,台端,,,,,N,無資料
1111005,110,3437,榮創,63117.0000,榮創能源科技股份有限公司,,,N,無
1111005,110,3443,創意,16161.0000,本次報告書邊界為創意電子台灣地區，涵蓋新竹總部、新竹分部，未納入海外子公司,0.1070,營業額,N,使用節水設備 降低空調用水
1111005,110,3450,聯鈞,47207.0000,母公司,,,N,降低單位產品用水量，每年降低用水量0.20%
1111005,110,3454,晶睿,11155.0000,中和192+168,,,N,無，僅產生生活廢水無製程廢水
1111005,110,3481,群創,21307558.9200,群創光電(母公司)及子公司：寧波群志光電、寧波群輝光電、佛山群志光電、 南京群志光電、 上海群志光電,60.8700,用水量(噸)/營業額(百萬元),ISO 14001,"1.2025 年單位投片面積用水量下降30%(vs.2016 年 )。
2.因應缺水危機，積極落實用水管理與缺水調適。
3.積極發展節水新技術，提高水資源回用率。"
1111005,110,3494,誠研,15475.0000,包含合併財務報表之母子公司,,,N,雨水回收使用、推動節水方案，落實節水成效；透過日常巡檢，檢討節水措施；發現漏水現象，立即反應處理。
1111005,110,3501,維熹,,,,,N,無資料
1111005,110,3504,揚明光,82784.0000,僅母公司,,,N,空調冷凝水回收再利用 32 公噸/天 (夏季)及純水系統廢水回收再利用 40 公噸/天 供應空調冷卻水塔以及廁所沖洗用水
1111005,110,3515,華擎,4726.0000,母公司,15.0000,員工人均用水量,N,"本公司並無大量的製程用水，水資源使用主要用於一般生活用水，包含飲用水及衛生用水。
節水計畫以降低一般生活用水量為主要方向，並且於辦公大樓各用水設施，張貼節水標語，以及網頁公告或電子郵件方式，宣導同仁配合實施節水相關措施。
以2019年為基準年，每年與基準年相比，減少人均用水量 3%為節水目標。2021年人均用水量為 15.0M3/人，較2019年減少12.3%，亦達成每年減少人均用水量3%之節水目標。"
1111005,110,3518,柏騰,,,,,N,用水量及廢棄物總重量量，但對於統計溫室氣體排放量、用水量及廢棄物總重量，並制定節能減碳、溫室氣體減量、減少用水或其他廢棄物管理之政策，及將碳權之取得納入公司減碳策略規劃中，且據以推動，以降低公司營運活動對氣候變遷之衝擊。
1111005,110,3528,安馳,,,,,N,無
1111005,110,3530,晶相光,,,,,N,無
1111005,110,3532,台勝科,2998400.0000,,0.2460,產品,N,產品單位面積用水量較前一年減少1%
1111005,110,3533,嘉澤,540927.0000,本公司及廣州、蘇州、中山子公司,,,N,"1.新採購或更換用水設施時，優先採用具節水功能之設備。
2.用水開關及用水情形巡檢。
3.張貼節水文宣品，提醒員工注意節水。"
1111005,110,3535,晶彩科,5153.0000,僅母公司,3.6630,以百萬元營業額為單位,N,加裝省水裝置
1111005,110,3536,誠創,,,,,N,N/A
1111005,110,3543,州巧,,,,,N,規劃中
1111005,110,3545,敦泰,8.7500,台灣新竹總部,0.0200,員工人數,N,無資料
1111005,110,3550,聯穎,,,,,N,尚未制訂
1111005,110,3557,嘉威,410773.0000,母公司及大陸子公司,0.0770,營業額,N,節約用水宣導
1111005,110,3563,牧德,84712.0000,牧德科技股份有限公司,,,N,各樓層洗手台出水量調整
1111005,110,3576,聯合再生,682595.0000,母公司(竹科廠、竹南廠及台南廠),56.7500,百萬營業額,N,"110年度節水績效，共約23,252噸"
1111005,110,3583,辛耘,306000.0000,110年1月~110年12月,850.0000,產品,N,一般酸回收作業指導書Q3-561/每日回收量120CMD
1111005,110,3588,通嘉,3137.8900,營業額單位:新台幣/佰萬元,1.3625,營業額,N,"不適用,營業額預估成長"
1111005,110,3591,艾笛森,13200.0000,僅母公司,13.7598,每百萬元營業額,N,請詳年報說明
1111005,110,3592,瑞鼎,5045.2800,"公司無生產製程，用水主要生活用水，目前公司未有自己的水表，故採用推估方式，推估方式如下:每月用水量=每人每日生活用水量30公升*每月實際工作天數*每月總人數
110年年用水量=每月用水量加總",0.2100,每百萬營業額0.21公頓,N,採用省水裝置，降低水資源的浪費。
1111005,110,3593,力銘,,,,,N,無
1111005,110,3596,智易,177567.7000,台灣總部及中國與越南生產中心,0.0046,產品,N,水資源人均用水較前一年度減少1%。
1111005,110,3605,宏致,23513.0000,東園廠及精工中心兩廠總度數,,,N,每月環安會議持續宣導員工節約用水，暫無訂定減量目標
1111005,110,3607,谷崧,,,,,N,無
1111005,110,3617,碩天,,,,,N,本公司的產品製程並不會大量耗用水資源，亦不會產生工業廢水，水資源之耗用主要為日常員工生活用水，為了維護日益匱乏的水資源，除了宣導節約用水外，本公司亦持續推動內部節水措施，如水龍頭採用感應出水式龍頭，同時將出水量下調以節約用水，朝每年減少3％用水量的目標努力。
1111005,110,3622,洋華,4592.0000,母公司,3.1600,TON/百萬元營業額,N,年度用水量減少0.5%
1111005,110,3645,達邁,,,,,N,無
1111005,110,3652,精聯,4626.0000,僅母公司,2.6578,佰萬營業額,N,"1.洗手檯採用省水裝置
2.每月監控用水量，並加以檢討
3.以109年為基準，預計114年前用水度數減少5%為目標"
1111005,110,3653,健策,813311.0000,母公司,115.5000,營業額(百萬),ISO 14001,目標:減少用水量3%，實施方案: 1.實施RO濃縮水再利用計畫。2.提高純水回收效率。
1111005,110,3661,世芯-KY,,,,,N,N/A
1111005,110,3665,貿聯-KY,534104.0000,統計範圍涵蓋集團 17 個生產據點：昆山貿聯廠、昆山翔光廠、常州廠、深圳通盈廠、翔耀廠、康聯廠、廈門新視廠、百事聯廠、佛山城鉞廠、新加坡加冷廠、馬來西亞柔佛廠、馬來西亞檳城廠、塞爾維亞廠、斯洛伐克廠、加州廠、德州廠、墨西哥廠。,14.9000,營業額,"GRI Standard, AA1000 ASv3",在各個製造工廠建廠的環境影響評估階段，考量了以當地政府規劃的工業場址，避免位於生態保護敏感區域，中國生產據點位於水資源較為豐沛的地區 ( 中國華東與華南地區 )，以避免對當地環境生態及水資源造成衝擊；在營運階段，各廠區用水主要來源為自來水為生活用水，對水源及社區用水可能的衝擊並無顯著影響。
1111005,110,3669,圓展,16444.0000,母公司,,,N,"a.加強宣導節約用水，並做水流量管制。
b.圓展科技總部用水來源於自來水(地表水)，廠房大樓位在土城工業區屬於Low - Medium(1-2)之水資源壓力區，並已經將廢水納管至工業區污水廠。"
1111005,110,3673,TPK-KY,5620456.0000,包含大陸廈門、平潭地區的各子公司。,0.0545,千元營業額,ISO 50001,以單位產品綜合用水量年度持平為目標，各子公司每年對節水方案及用水設備進行監控，依照實際情況制定各項節水措施。
1111005,110,3679,新至陞,4648.0000,母公司110年01月~110年12月,361.5800,營業額,N,新至陞各廠區及辦公室的用水來源為自來水，產品製程，無大量用水需求，大部分用水需求為民生用水，以及部分廠務設備如廚房、冷卻水塔等，而新至陞總部依綠建築標準規範興建設計，景觀澆灌完全使用回收之雨水，使用自來水節水器具以提高用水效率，以對環境保護進一份心力。
1111005,110,3682,亞太電,4.8319,亞太電信,1.9695,營業額,N,每年相較前一年以減少2%為目標。
1111005,110,3686,達能,1130.0000,包含合併財務報表之母子公司。,0.0000,營業額,N,辦公區域：規範空調開啟條件及溫度，減少中央空調及冰機運轉。
1111005,110,3694,海華,181060.0000,上海子公司廠區,113.1600,員工人數,N,節約用水，雨水回收及空調冷凝水與冷卻水回收
1111005,110,3701,大眾控,,,,,N,將成立專責單位並研擬管理計劃與目標
1111005,110,3702,大聯大,26908.0000,盤查範圍包含台灣區南港總部辦公室、林口倉、香港倉及東莞倉,11.0800,各據點員工合計數,依據確信準則公報一號進行驗證，指標揭露內容參照GRI 303,台灣區南港總部辦公室為例，建有雨水回收自動澆灌設施，以達到水資源回收再利用之目的，下雨時可儲蓄雨水並供應於頂樓花圃與一樓路樹之澆灌；同時採用透水性鋪面與水撲滿設計，可收集雨水回收利用，調節地面溫度。除此之外，透過即時監控或定期數據統計，以掌控水能源的使用情形，進行相應改善為控制措施。辦公大樓設定每年節水1%目標。
1111005,110,3703,欣陸,223453.0000,母公司及主要營運子公司,8.3200,百萬營業額,ISO 14001，驗證範圍：鳳山、安平及淡水水資源回收中心,"持續透過省水器材、給水量調節、水回收再利用與節水宣導，提升水資源利用效率，
2021年度中水回收利用率為22%，目標達成率達106%。"
1111005,110,3704,合勤控,4596.0000,母公司,3.5600,百萬營業額,N,節水率>1%
1111005,110,3705,永信,,,,,N,"水封式真空幫浦式產生之回收水回收儲存後，提供給水洗集塵機補水與廠區園藝澆花回收使用，避免水資源浪費。
預估年回收水量123,930公升。
預估年節省金額1,641元"
1111005,110,3706,神達,457000.0000,"合併財務報表之母子公司, 含台灣營運、研發中心及廠區; 中國主要生產據點: 廣東順達廠區、江蘇昆達廠區; 美國加州組裝廠區: MiTACIS",11.0000,營業額/單位為「百萬新台幣」,N,"與地區主管機關、水電公司合作，協調地區水資源調度。
鑑別短期與長期水資源風險。
訂定節水目標，各廠持續節約用水。
推動內部水盤查，並持續實行各項節水措施，以用水密集度為觀察指標，及早因應氣候變遷導致水資源風險。"
1111005,110,3708,上緯投控,12850.0000,上緯興業股份有限公司及上偉碳纖複合材料股份有限公司,4.1200,百萬營業額,ISO 14001,企業營運活動取水及耗水對地球水資源產生衝擊，從水資源系統中取得水會因 降低地下水位、減少當地可用的總水量而影響環境，或以其它方式影響生態系統正常的功能。本公司取水來源為自來水公司，製程為非水溶性製程，自來水多數使用於鍋爐產生蒸氣，蒸氣投入製程使用熱交換後變成水，再重新導回蓄水池中，蓄水池水提供製程冷卻用途，冷卻排水重新導回蓄水池中，反覆循環達到100% 製程用水回收再利用。
1111005,110,3711,日月光投控,25872192.4300,日月光半導體製造股份有限公司(高雄廠、中壢廠、蘇州廠、 威海廠、無錫廠、日榮半導體(上海)、上海材料廠、 上海月芯半導體、昆山廠、日本廠、韓國廠、 新加坡廠、馬來西亞廠、ISE Labs)、矽品精密工業股份有限公司(大豐廠、中山廠、中科廠、新竹廠、彰化廠、蘇州廠)、環電股份有限公司(南投廠、張江廠、昆山廠、金橋廠、深圳廠、墨西哥廠),1.2590,立方米/千美金營收,"GRI, SASB",取水密集度 (取水量/營收)於2030年較2015年減少15%
1111005,110,3712,永崴投控,243884.0000,母公司及重要子公司,,,N,基礎設施檢修與改善
1111005,110,3714,富采,663.0000,僅富采母公司,,,N,廢水排放水質皆符合園區主管機關之要求
1111005,110,4104,佳醫,19972.0000,僅母公司,0.0046,仟元營業額,N,
1111005,110,4106,雃博,7414.0000,母公司用水量(含民生用水),0.0063,單位：千元營收,N,本公司非水資源耗費型產業，主要為生活用水為主，過去二年度的用水量差異不大。節水的管理主要透過裝置感應式水龍頭、節水器以及二段式的馬桶抽水裝置，節約生活用水。目前製程上主要為組裝與測試並無大量製程用水之需求。
1111005,110,4108,懷特,21249.0000,台北公司及楊梅精製廠,,,N,改善生產節水及宣導節約用水。
1111005,110,4119,旭富,28000.0000,僅母公司,,,N,"導入冷卻水與純水回收系統,減少自來水使用量."
1111005,110,4133,亞諾法,6058.0000,資料含蓋範圍僅母公司。,,,N,定期檢討用水用電狀況，致力於節約各項資源等，以落實節能減碳及溫室氣體減量。
1111005,110,4137,麗豐-KY,20274.0000,子公司微碩(上海)日用品有限公司,,,N,尚未規劃
1111005,110,4142,國光生,149308.0000,僅母公司,,,N,設置如逆滲透廢水回收系統，將部分製程用水回收供冷卻水塔循環水使用，降低水使用量。
1111005,110,4148,全宇生技-KY,,,,,N,NA
1111005,110,4155,訊映,,,,,N,無
1111005,110,4164,承業醫,3628.0000,包含合併財務報表之母子公司,1.4900,百萬營業額,N,短期目標每年減量 0.5%、中長期目標2025年較2020年減量3%
1111005,110,4190,佐登-KY,6636.0000,"台灣子公司:4,380公噸
廣州子公司:2,256公噸",,,N,無
1111005,110,4306,炎洲,789684.0000,台灣總部及廠區,45.9800,百萬營業額,N,"本公司長年使用地下水，每日使用量平均數量較大，為維持地下水水質水量充沛，
我們將朝向廠內水資源回收方向努力，以減少地下水使用，降低環境負荷"
1111005,110,4414,如興,1760.2920,中國常州廠區與柬埔寨長泰、宏興、如興三家水洗廠,,,依行業標準,"短期：柬埔寨廠區長泰水洗廠污水回收率達60%，宏興水洗廠污水回收率達50%。
中、長期：柬埔寨廠區各水洗廠污水回收率65%。"
1111005,110,4426,利勤,369969.0000,110年全年用水量,231.0000,產品,N,"本公司使用的水資源有三種，分別為自來水、地下水與製程用軟水，因此節水以節約自來水、地下水與軟水為主要目標，由於COVID-19造成產量降低與公司在節能/節水/減廢方面的改善成效，使得以2019年為基礎年的戰略發展規劃中，有多項指標已提前達成，因此修改已達成的戰略目標，以符合持續改善的精神。目標之基礎年設定在2020年，以2020年之總自來水耗用量98,192噸、總地下水耗用量475,610噸與總軟水耗用量845,288噸為基準，在2021-2025年共節水10%。"
1111005,110,4438,廣越,,,,,N,目前尚無資料
1111005,110,4439,冠星-KY,1646573.0000,Top Sports Textile Limited,96.2764,產品,N,以2021年水耗為基線，至2025年減少用水10%。
1111005,110,4440,宜新實業,,,,,N,無資料
1111005,110,4526,東台,22.5000,母公司,0.0028,產品,N,"1.宣導洗手步驟、調低供水水壓水流
2.每日加強巡查，故障即時修繕，必要時先暫時停用，待修繕後使用
3.視狀況拉長非重要區澆灌週期，其餘每天一次，每次5分鐘
4.冷卻水塔清洗週期改為2個月清洗一次
5.冷卻水排放:提高電導度排放設定值由2000us/cm提高至3000us/cm，低於2500us/cm排放結束，並由管理人員隨時手動操作。"
1111005,110,4532,瑞智,5021.9000,母公司,,,N,籌劃中
1111005,110,4536,拓凱,7.3000,本公司,,,N,廠內進行各項節能省水措施，已由日常作起
1111005,110,4540,全球傳動,58726.0000,110年度,23.2400,營業額,N,規劃中
1111005,110,4545,銘鈺,245658.0000,母公司,215.0000,百萬營業額,N,本公司已推動廢水回收多年，每年以回收超過1萬噸的自來水再使用為目標。
1111005,110,4551,智伸科,444667.0000,包含合併財務報表之母子公司,0.0012,產品,N,"管理政策：
(1)製程清洗廢水已執行回收沉澱過濾再利用方案，使用於初級製程清洗使用及純水、超純水之排廢水回收利用於空調冷卻水。
(2)節水減排：提升純水、超純水得率以降低新鮮自來水取水量，減少排汙量；雨水收集利用，改造現有的雨水收集池，
增設調節閥，經淨化處理後的雨水部分替代冷卻塔新鮮自來水補水，以降低新鮮自來水取水量。
通過不斷的節水技術改造，繼續採用碳氫真空清洗工藝技術改造、節水型器具、回收利用、冷卻水迴圈利用等，
實現良好的綜合經濟效益同時，進一步提高企業用水效率。並持續優化規範制度、措施，嚴格落實各項考核制度
，促進工業節水技術的發展與應用。
(3)計畫2023年至2025年每年節水減排3%以上。"
1111005,110,4555,氣立,,,,,N,無資料
1111005,110,4557,永新-KY,,,,,N,N/A
1111005,110,4560,強信-KY,,,,,N,無資料
1111005,110,4562,穎漢,,,,,N,本公司非屬強制編制永續報告書者，將評估進行揭露
1111005,110,4564,元翎,143546.0000,母公司及重要子公司,,,N,尚未訂定
1111005,110,4566,時碩工業,,,,,N,無。
1111005,110,4571,鈞興-KY,,,,,N,每年降低用水密集度
1111005,110,4572,駐龍,25691.0000,母公司,63.5900,百萬營業額,N,"1.專人監控用水度數，慎防不當使用或管線問題造成之浪費。
2.新廠區專設水循環使用系統，回收冷氣產生之冷凝水做二次使用。"
1111005,110,4576,大銀微系統,36833.0000,母公司之總部及二廠,11.5700,營業額單位為佰萬元,N,裝設用水回收設施以符合用水回收率65%以上之承諾，2018年~2021年總廠及二廠平均水回收率為70.46%。
1111005,110,4581,光隆精密-KY,29869.0000,合併財務報表之母子公司,0.0297,營業額,N,每月於經營月會報告用水量及異常用水原因
1111005,110,4583,台灣精銳,78382.0000,母公司,0.0000,營業額,ISO14001,"1.遵循法規
2.節約水資源
3.持續減少用水量"
1111005,110,4720,德淵,11632.0000,母公司,3.2800,噸/百萬營收,N,"1.節約用水
2.用水回收率50%以上"
1111005,110,4722,國精化,104656.0000,母公司,,,N,無資料
1111005,110,4737,華廣,26423.0000,母公司,26423.0000,營業額,N,每年皆有作溫室氣體排放量、用水量、廢水量及廢棄物總重量統計，並制定節能減碳、溫室氣體減量、減少用水政策及電力節能1%之目標，廠房頂樓於完成設置太陽能發電系統，響應綠能節電政策。
1111005,110,4739,康普,46700.0000,新竹廠及頭份廠,0.7933,取水量(百萬公升)/個體營收(億元),ISO 50001,"本公司新竹廠依水污染防治法均設有相關水處理程序及申請操作排放許可證在
案，透過工業區污水下水道系統統一處理後放流至茄苳溪。"
1111005,110,4746,台耀,465041.0000,母公司,146.7500,公噸/百萬營業額,N,尚未訂定相關目標。
1111005,110,4755,三福化,373107.0000,僅母公司(善化廠、柳科廠、高雄廠),0.0833,營業額；單位：公噸  / 仟元,確信準則公報第一號,無。
1111005,110,4763,材料-KY,589140.0000,合併財務報表之母子公司,0.2170,營業額(仟元單位),N,致力於加大對廢水回收利用的管理
1111005,110,4764,雙鍵,11011.0000,母公司,3.5948,百萬營業額,N,"1、宣導節約用水、珍惜資源。
2、落實廢水管理，污水流入污水下水道、排放符合標準。"
1111005,110,4766,南寶,62951.0000,僅母公司,0.0160,千元營收,N,"本公司水資源使用三大策略：減量、再利用、回收。
最主要的用水來源為自來水，為了降低營運時的水資源
耗用，本公司積極導入節水措施以及使用回收水，透過
製程蒸氣與冷凝水回收，再經過MBR薄膜過濾回收至冷
卻水池，並持續精進用水情況，研發再利用設備以提升
用水效率，除自行檢測監控外，亦會不定期採取水樣送
外部檢測機構進行檢測。"
1111005,110,4770,上品,49067.0000,僅母公司,19.0595,百萬營業額,N,SCADA遠端監測系統，管理與監控廠區用水狀況與異常警示。
1111005,110,4807,日成-KY,,,,,N,無
1111005,110,4904,遠傳,249198.0000,遠傳電信股份有限公司及兩家子公司(新世紀資通股份有限公司、和宇寬頻網路股份有限公司),0.0000,營業額,N,"落實水資源控管，提高用水效率 (包含採用中水回收,加強節水宣導，更換節水設備，用水設備漏水檢查與設備操作管理等相關措施)，2022年減量目標為較前一年度用水量下降1%"
1111005,110,4906,正文,46900.0000,正文科技股份有限公司,0.0023,營業額,N,"用水劃分四大區域,設置水錶監測用水量,檢討用水量大的區域並進行改善"
1111005,110,4912,聯德控股-KY,28920.0000,重要子公司聯德精密材料(中國)股份有限公司,17352.0000,產品,N,增加清洗設備水迴圈利用
1111005,110,4915,致伸,916321.0000,致伸科技及子公司東莞東聚、致伸重慶、致伸昆山、惠州迪芬尼、東莞迪芬尼及東城迪芬尼,12.7900,營業額,ISO 14046,"目標：每年減少2%用水量。
1.致伸集團為加強水資源管理策略，致伸科技及子公司東莞東聚、致伸重慶、致伸昆山、惠州迪芬尼、東莞迪芬尼及東城迪芬尼皆取得ISO 14046水足跡查證聲明書，製作各工廠用水平衡圖，以協助強化我們的節約用水策略。
2.子公司東莞東聚推行中水回收系統，可將製程污水回收處理再利用，回收過濾後的廢水用於廠區植栽澆水以及沖洗廁所用水。致伸重慶廠區執行RO廢水回收作為生活用水使用。"
1111005,110,4916,事欣科,,,,,N,無
1111005,110,4919,新唐,389290.0000,僅含母公司(不含台南、竹北、北辦),36.8808,單位：公升/層-晶圓光罩,ISO 14001,由於氣候變遷，近年來世界各地降雨型態產生了重大的變異，水資源匱乏議題正受到國際之高度關注，且半導體業製程需要使用大量水，新唐科技的用水來源是自來水公司所提供之自來水，並有利用回收少量的雨水及空調冷凝水作為次級用水，節省水的二大主軸策略是優先減少源頭使用以及後端回收使用以降低水資源之耗用。
1111005,110,4927,泰鼎-KY,3560000.0000,包含合併財務報表之母子公司,240.0000,台幣百萬營收,N,取水來源全數係自第三方取得，由當地自來水公司及工業區處理廠取得水源，經各製程使用後排放依照不同製程分別排放鹼性蝕刻液、酸性蝕刻液以及其他製程廢水至暫存槽。依照工業區規定，工廠排放廢水至廢水處理廠前，有義務將排放之廢水參數控制於標準參數中，排放路徑皆按工業區規定排放至指定之管道，自取得至排放皆依照泰國工業相關法令標準，達到對環境保護的目的。生產廠區所處地區缺水之風險依過往經驗判斷尚不高，考量缺水對生產造成停線的可能影響，避免無法對客戶交貨，於水資源取得之風險控管上，泰鼎平時及備有購水供應商，降低缺水造成生產上的衝擊。
1111005,110,4930,燦星網,,,,,N,本公司應妥善與永續利用水資源，於內部執行節約用水，在生產過程中運用循環水的再利用。
1111005,110,4934,太極,,,,,N,NA
1111005,110,4935,茂林-KY,,,,,N,無資料
1111005,110,4938,和碩,5234887.0000,和碩企業總部、臺灣營運中心、上海昌碩、昆山世碩、蘇州名碩/康碩/凱碩、重慶旭碩/凱全、捷克製造中心、墨西哥營運中心、印尼廠,4.1400,每百萬營業額(元),N,節水政策：水龍頭加裝節水器、改用感應式水龍頭及小便器沖洗閥、選用節水型設備、冷卻水塔之用水優化、回收利用冷凝水水溫、提高水霧風機效率、獨立水表計量用水、水池/水箱溢流警報裝置、灌溉程序規劃
1111005,110,4942,嘉彰,40228.0000,110年度用水量統計,23.8645,百萬元營業額,N,"因應全球氣候變遷，供水穩定化成為各國面臨的問題。本公司為善盡社會責任
及因應全球水資源短缺議題，以2016 年為基準年，在2025 年前將整體用水
密集度( 總用水量/ 百萬美元產值) 下降30%， 期以具體行動，與全球企業共
同面對氣候變遷的挑戰。"
1111005,110,4943,康控-KY,,,,,N,研議中
1111005,110,4952,凌通,5620.0000,母公司,1.6112,百萬營業額,N,茶水間水龍頭裝設節水器，以節約3%用水量為目標。
1111005,110,4956,光鋐,149581.0000,110年1月~12月,,,N,無資料
1111005,110,4958,臻鼎-KY,13882000.0000,大陸園區及台灣園區,82.9000,營業額,The AWS International Water Stewardship Standard V 2.0,2025年總體水回用率達60%
1111005,110,4960,誠美材,622344.0000,僅母公司,17.3560,產能(仟米平方),N,誠美材料水資源管理三大面向「源頭管理有效降低用水量、增加製程於廠務廢水回收、降低廢水排放量」
1111005,110,4961,天鈺,5354.0000,僅含天鈺科技（母公司）新竹總部之據點,0.2969,0.2969立方公尺/百萬營業額,AA1000 Type 2 中度保證,無
1111005,110,4967,十銓,,,,,N,無
1111005,110,4968,立積,353.0000,母公司,11.8000,員工人數(千人),N,在日常營運即定時管控用水量，並持續進行節水宣導，期望能夠將節水意識融入同仁的日常生活。此外，辦公室大樓亦實施回收水再利用澆灌花草、使用省水馬桶等節水措施，全面減少水資源浪費。
1111005,110,4976,佳凌,,,,,N,節約用水、循環用水
1111005,110,4977,眾達-KY,13864.0000,2021年合計,,,N,生活用水：目標人均每月下降0.2%(降低0.02噸)
1111005,110,4989,榮科,310256.0000,本公司,0.0270,產量(公斤),N,"1.提高再生水使用比例。
預估 2022 年使用 再生水比例將提高到 87%，自來水量(含工業用水)將因此降低到 10%，並預計 2030 年之前，將製程中使用再生水的比例提高到 91%以上。
2.提高回收水循環比例
3.提高冷卻水塔之排水循環率。"
1111005,110,4994,傳奇,,,,,N,本公司未從事產品之組裝，未有實際生產情形，不會產生廢水排放之情事，故無資料
1111005,110,4999,鑫禾,40515.0000,僅母公司,,,N,宣導生活用水節約使用
1111005,110,5007,三星,93.4540,母公司,0.0146,百萬營業額,N,節約能源
1111005,110,5203,訊連,6063.0000,台北總公司,6063.0000,總公司辦公區堿空調循環用水及民生用水,N,無資料
1111005,110,5215,科嘉-KY,,,,,N,公司目前著手試行單一子公司依照ISO 14064-1進行組織溫室氣體盤查，未來應有數據體現，且規劃推廣至其他子公司。
1111005,110,5222,全訊,12978.0000,僅個別公司大順一廠,14.1527,百萬營業額,N,無資料
1111005,110,5225,東科-KY,,,,,N,"公司製程主要以組裝為主，取水之主要用途為生活用水及生產循環用水，來源 100% 為自來水，且皆非來自水資源壓力區；產出的生活廢水工業廢水經污水處理設施運行處理後符合環保法規要求，達標排放。
在水資源管理著重於員工日常工作的節約用水觀念與設施改善，惠陽廠區設置環保應急池及控制閘閥，防止事故污水污染水土環境，積極推動節水措施，提升水資源使用效率。"
1111005,110,5234,達興材料,102496.0000,所有生產廠區,22.7100,百萬營業額,N,廠區導入逆滲透廢水回收再利用系統 (RORR)，減少每日用水量，並持續對用水量進行管理，以不使用耗水性製程為管理目標。
1111005,110,5243,乙盛-KY,,,,,N,無
1111005,110,5244,弘凱,,,,,N,尚無
1111005,110,5258,虹堡,,,,,N,無
1111005,110,5269,祥碩,2218.0000,"範圍: 110/1/1~12/31, 祥碩總公司辦公室",36.9113,營業額(億元),N,"祥碩積極宣導節約用水，因無其他大量耗水設備，無法有相關措施達到明確用水減量，但以下列措施力求有效利用水資源
1.水龍頭加裝省水器加強節水。
2.辦公室全面使用2段式省水馬桶馬桶。
3.定期巡檢水龍頭或其他水管接頭有無漏水。"
1111005,110,5283,禾聯碩,,,,,N,尚在評估規畫中
1111005,110,5284,jpp-KY,92730.0000,泰國經寶精密工業股份有限公司,61159.0000,製程,ISO14001 No. 44 104 082456,附件 3 依公司函送泰國大都會水務局文件之泰文版為準
1111005,110,5285,界霖,159539.0000,界霖科技楠梓廠區,,,N,包括RO廢水回收、洗滌塔優先使用次級用水。於110年楠梓三廠建置導入中水回收設備用以回收製程廢水，同時透過提高用水回收率，有效降低用水量與廢水排放量，並透過提高用水回收率，有效降低用水量與廢水排放量。
1111005,110,5288,豐祥-KY,231474.0000,主要營運子公司台灣豐祥及越南VPIC1,0.0404,仟元營業額,ISO 14001,"我們的水資源耗用主要為廠區營運使用，每年設定節水2%為具體目標對各生產基地進行管理，生活廢水透過RO回收再利用，作為灌溉及廁所清潔用水，每月廢水回收約2,300頓，作為次級用水並在早晨為花草澆水可減少氣溫蒸發，魚缸則採用循環式供水。為盡可能減少不必要水資源的浪費，除宣導員工養成良好的用水習慣，用水後隨手關緊水龍頭。"
1111005,110,5306,桂盟,3000.0000,母公司,3.2800,營業額,N,"面對水資源風險，桂盟從不同角度出發來管理水資源，並定期召開會議討論相關議題、擬定政策與檢視節水績效，並透過標語與教育課程等多元方式宣導，讓節水觀念融入生產及辦公生活的每個細節。
2021年桂盟台灣廠區用水量共計11,500公噸，取水來源皆源自水庫供給之自來水，歷年總用水量有持續下降趨勢，表示公司對於所推動的節水措施及宣導，已逐漸顯現成效。我們將持續提升水資源使用效率，並計算廠內製程用水、廢水及生活用水等，準確掌握用水流向、流量，使每一滴水在廠區的使用效率最大化，同時持續落實日常節水，以減緩對水資源使用上的衝擊。"
1111005,110,5388,中磊,48316.6700,本公司(台北辦公室+竹南廠),32.3100,員工人數(台北+竹南),N,因中磊用水都屬於生活用水，無製程用水，故用水減量部分著重於節約用水的宣導
1111005,110,5434,崇越,5.2303,台北總部,0.0000,營業額,N,"1.鼓勵員工進行企業環境管理相關課程，以落實環境管理政策。
2.2021年總用水量較2020年節約13.69%。
3.2022年總用水量較2021年減少5%。"
1111005,110,5469,瀚宇博,370118.0000,110年度,0.1564,產品,N,尚未制訂相關政策
1111005,110,5471,松翰,2766.0000,僅母公司,0.0005,營業額(新台幣仟元),N,"加裝或更換省水標章產品,並持續監控水資源使用"
1111005,110,5484,慧友,2568.0000,母公司110年用水量,7.0400,"母公司110年用水量為2568公噸,平均每天用水量為7.04公噸",N,無
1111005,110,5515,建國,1499.0000,企業總部,3.7500,人,N,三年減少5%用水量
1111005,110,5519,隆大,,,,,N,無
1111005,110,5521,工信,23235.0000,僅母公司,78.2300,員工人數,N,以2018年為基準年，每年減少2%，5年後達成減量10%目標，遠程目標以每年減量不小於基準年的3%為目標。
1111005,110,5522,遠雄,3320.0000,僅母公司,21.7000,員工人數,N,"強化總部大樓之資源與廢棄物減量管理，並致力提升員工相關環保意識及行動，持續宣導員工節約用水之觀念，總部自有樓層分區水錶與省水裝
置預計於112年建置，以110年為基準年，總部自有樓層用水總量預計於114年下降5%"
1111005,110,5525,順天,,,,,N,
1111005,110,5531,鄉林,3.2890,母公司,3.2890,員工人數,N,以2018年為基準，再2028年將整體用水密集度(總用水量/員工人)下降4%
1111005,110,5533,皇鼎,,,,,N,尚無
1111005,110,5534,長虹,,,,,N,無
1111005,110,5538,東明-KY,,,,,N,無
1111005,110,5546,永固-KY,,,,,N,無
1111005,110,5607,遠雄港,,,,,N,1%
1111005,110,5608,四維航,17613.5100,母公司辦公室及母子孫公司所屬船舶,42.4302,員工人數及船員人數,N,船舶用水量不僅供民生用水，亦用於機器冷卻與保養維護等。船舶因屬封閉型空間水資源取得不易，故除由岸端供應水源外，亦於航行中情況許可下取海水淡化使用並將有限的珍貴水源盡量循環使用以降低資源消耗。
1111005,110,5706,鳳凰,,,,,N,節水部份：依循「開源」及「節流」二大方向，加強宣導節約用水之政策。
1111005,110,5871,中租-KY,83354.1300,全企業，資料出處:2021年CSR報告書,1.1600,營業額,N,2020年為基準年，每年減量3%，至2025年累積減量達15%
1111005,110,5876,上海商銀,53100.0000,僅母公司,2.2506,分母為百萬元營業額,"""1.確信準則公報第一號 2.通過ISO 50001驗證""",每百萬營收水耗量較上年減少3%
1111005,110,5880,合庫金,288706.0000,合庫金控及各子公司，合計306處據點(不含國外),5.3100,淨收益佰萬元,ISO 14064-1:2018 類別4.1：源自採購商品的排放,"自2021年起，每年至少比基準年減少10,000公噸的用水量"
1111005,110,5906,台南-KY,,,,,N,無
1111005,110,5907,大洋-KY,,,1022500.0000,度,N,對環境之汙染，預防勝於事後之處理，大洋百貨商場致力於提升各項資源之利用效率，通過加強現場管理，採用節水設備，以及部分水資源回收再利用
1111005,110,6005,群益證,3.8243,母公司,,,N,無
1111005,110,6024,群益期,3783.0000,全台營運據點,1.7182,營業額 百萬元,N,近年來本公司營運規模不斷擴大，員工人數亦不斷增加，相關能源、溫室氣體與廢棄物消耗每年以不增加使用量及溫室氣體排放量為目標。
1111005,110,6108,競國,535500.0000,僅母公司,0.2800,產品,N,內部執行節約用水、透過廢水排放分類系統，做好製程省水與回收再利用的基礎。
1111005,110,6112,邁達特,4819.0000,台北總公司及高雄分公司,4819.0000,營業額,本公司用水量數據經2021永續報告書驗證。,本公司水資源減量目標為人均用水量年減1%。
1111005,110,6115,鎰勝,5497.0000,僅母公司,,,N,節約用水及循環使用
1111005,110,6116,彩晶,5055.2200,母公司及子公司(南京瀚宇彩欣科技有限責任公司),0.1090,母公司的內湖營業所密集度為0.002百萬公升 /樓地板面積(坪)；母公司的南科廠為0.001 百萬公升 /投片面積(m2)；子公司(南京)為0.106 百萬公升 /投片量(片),N,"瀚宇彩晶針對製程水回收率、節水量、排放率與廢水減量設定短中長期目標，在112年前製程水回收率提升至87%，節水量達328,500 m3/年；全廠排放水率為68%；至113年前製程水回收率提升至90.10%，節水量達547,500 m3/年；全廠排放水率為63.10%，最終至119年達成製程水回收率為100%，節水量達2,080,500 m3/年；全廠達成零廢水排放。"
1111005,110,6117,迎廣,45172.0000,母公司,19.5400,營業額,N,單位用水量減少2%/年
1111005,110,6120,達運,108.9000,包含本公司及合併財務報表內子公司,,,N,目前尚在盤查及規劃階段
1111005,110,6128,上福,17060.0000,上福全球在台灣營運據點為主（包含本廠、二廠及三廠）,0.0010,產品,N,無
1111005,110,6133,金橋,,,,,N,"購置廢水再利用設備及節約用水,達成環保及減量"
1111005,110,6136,富爾特,0.0888,母公司,,,N,尚未訂定
1111005,110,6139,亞翔,1991.0000,新竹廠區總用水量,,,N,尚無規劃
1111005,110,6141,柏承,,,,,N,暫無資料
1111005,110,6142,友勁,30578.0000,母公司,12.3336,單位:公噸/百萬營業額,N,本年度為首次查證，減量待未來陸續規劃及執行。
1111005,110,6152,百一,2705.0000,1100101~1101231,,,N,無
1111005,110,6153,嘉聯益,663378.0000,僅母公司樹林廠,,,N,設置水表，建立用水基線資料。
1111005,110,6155,鈞寶,53.2200,母公司,,,N,本公司從全面落實日常生活節約用水做起，以及把廢水系統導入回收系統、製程用水部分使用循環水以增加產水量，將可利用之水資源發揮更大效益，計畫於2023年(2019年為基準年)達成用水量減少2%為目標。
1111005,110,6164,華興,,,,,N,無資料
1111005,110,6165,浪凡,,,,,N,無
1111005,110,6166,凌華,13167.0000,母公司,1.0468,人員數量,N,2022-2032年設定節約用水2%
1111005,110,6168,宏齊,50860.2000,母公司,0.0170,營業額,N,"自來水年使用量降低至50,000噸"
1111005,110,6176,瑞儀,1837000.0000,台灣與中國大陸製造廠區,0.0002,公斤產品,N,"透過集團製造中心設備處設定節能管理目標。並於2025年達到瑞儀永續發展目標「集團
能資源較2018年減少20%」。"
1111005,110,6177,達麗,,,,,N,規劃中
1111005,110,6183,關貿,10.1940,總公司位於南港軟體園區，各進駐戶無獨立之水錶，僅有分攤數值,0.0046,用水(噸)/營業額(百萬),N,總公司位於南港軟體園區，且為資訊服務業，僅有民生用水，排入污水下水道處理，未污染環境
1111005,110,6184,大豐電,,,,,N,"減少自然水源耗用,降低用水量"
1111005,110,6189,豐藝,3471.0000,母公司及子公司勁豐,,,N,每年節水1%為目標
1111005,110,6191,精成科,3990356.0000,包含合併財務報表之母子公司,144.4700,百萬營業額,N,"管理：1.對生產用水狀況進行巡查，對用水量進行統計分析原因找出方案，對員工進行節約用水培訓。2.利用在線監控系統對公司用水進行實施監控制定標準產量單位水量，建立相應的懲處機制。
目標：減少危險廢棄物產生量、耗水量朝向每百萬營收之強度值降低1%之目標前進"
1111005,110,6192,巨路,,,,,N,無
1111005,110,6196,帆宣,59170.0000,母公司廠區,59170.0000,產品,N,有效利用資源
1111005,110,6197,佳必琪,,,,,N,無
1111005,110,6201,亞弘電,15509.0000,母公司,,,N,等完成溫室氣體盤查後在規劃相關管理政策
1111005,110,6202,盛群,15674.0000,本公司台灣總部,2.3695,百萬營業額,N,本公司主要為一般生活用水及空調用水，無製程用水，節水措施如下：(1)給水裝置全部加裝變頻器以穩定水壓。(2)公共洗手間全面採用感應式水龍頭，購買具備省水標章之產品，有效控制用水量，減少不必要的水資源浪費。(3)設計雨水不落地設施，集中雨水再使用至不與人體直接接觸之用水。
1111005,110,6205,詮欣,,,,,N,鼓勵員工節約用水
1111005,110,6206,飛捷,11099.0000,飛捷母公司,23.0000,人均用水度數,N,"1.降低水龍頭出水流量。
2.安裝水龍頭省水隔板，減少水資源的浪費。
3.林口工廠藉由回收雨水方式進行周邊植物澆灌。"
1111005,110,6209,今國光,166476.0000,今國集團,,,N,積極評估導入節水設備及廢水回收使用
1111005,110,6213,聯茂,38503.0000,母公司,,,ISO 14001:2015版,承諾必須符合法規排放標準以及降低廢水排放量為執行管理與改善。
1111005,110,6214,精誠,17426.0000,僅母公司,15.3700,員工人數,N,"1.給水設備全面加裝節水器，用水處加強節水教育宣導標語
2.用水減量1%"
1111005,110,6215,和椿,1622.0000,母公司,1.1227,百萬營業額,N,持續統計用水量，避免用水量暴增浪費水資源
1111005,110,6216,居易,4466.0000,生活污水,,,N,因應氣候變遷，於110年設置簡易雨水回收系統，供空調冷卻水使用。
1111005,110,6224,聚鼎,24079.0000,母公司,,,N,無
1111005,110,6225,天瀚,,,,,N,減少不必要的用水
1111005,110,6226,光鼎,,,,,N,不適用
1111005,110,6230,尼得科超眾,10233.0000,"中興廠、興德廠、陞泰廠
中興廠、興德廠、陞泰廠",0.9300,營業額,N,本公司係一電子資訊產品散/傳熱零組件之專業設計及製造廠商，製程中僅產生一般事業廢棄物，可回收廢棄物((下腳料))則由專業合格的處理廠商統一進行回收與資源再利用，再製作成各式之再生產品於其他產業循環使用。
1111005,110,6235,華孚,,,,,N,目前尚未訂定。
1111005,110,6239,力成,2617123.0000,僅母公司,51.0500,營業額(百萬)以台灣地區計算,ISO 14046,切割研磨製程回收水系統水回收率大於85%
1111005,110,6243,迅杰,690.0000,母公司,0.8364,百萬營業額,N,無資料
1111005,110,6257,矽格,325.9000,所有廠區及子公司,,,N,"長年關注水資源節能環保議題，在節水計畫方面，從全面落實日常生活節約用水
做起，將可利用之水資源發揮最大效益。
未使用特殊製程用水之測試代工廠，主要用水類型為日常生活用水，
在節水計畫措施包括將空調箱凝結水回收至4F 冷卻水塔循環回收利
用、部分洗手台自動感應水龍頭改用手動噴霧型水龍頭節省用水，
110年在水資源運用管理及節水計畫執行下，約有4.03萬噸
節水量，降幅約1.24%。"
1111005,110,6269,台郡,780441.0000,僅母公司,0.8000,產品,N,2021年目標為提升中水回收率25%；2022年目標則為提升中水回收率30%。
1111005,110,6271,同欣電,970669.0000,母公司,96.0800,百萬產值,N,用水密集度下降1%
1111005,110,6277,宏正,19878.4300,範疇一+範疇二,5.9100,營業額,N,公司內部施行節水措施外，洗手設施更換「省水標章」水龍頭，並以開源節流的精神，持續推動節水措施，宣導同仁節約用水觀念，並且在水龍頭用水處張貼節約用水標語，以提醒同仁落實及配合，減少對水資源的消耗。
1111005,110,6278,台表科,64874.0000,母公司,0.9900,百萬營業額,N,無資料
1111005,110,6281,全國電,,,,,N,無資料
1111005,110,6282,康舒,906930.0000,2021年康舒科技股份有限公司永續報告書,4140.0240,新臺幣每億元營業收入,ISO 14046,2030年生活用水使用量較2014年基準年減少35%。
1111005,110,6283,淳安,,,,,N,NA
1111005,110,6285,啟碁,453915.0000,總部、力行廠、南科廠、啟佳、啟新、啟基永昌（昆山）、啟基永昌（南京）、越南廠,6.7500,新臺幣百萬元營收,AA1000 保證標準v3,"短期目標:2022年取水密集度較2020年減少5%
中長期目標:2025年取水密集度較2020年減少10%"
1111005,110,6288,聯嘉,33684.0000,"組織邊界
台灣總公司(聯嘉光電股份有限公司)
地址：350苗栗縣竹南鎮科東一路2號
外倉
地址：350苗栗縣竹南鎮和興路364號",33684.0000,營業額,N,無。
1111005,110,6405,悅城,173103.0000,110年,126954.0000,製程用水,N,無
1111005,110,6409,旭隼,0.1696,"1.包含合併財務報表之母子公司
2.旭隼科技在台灣、大陸及越南，均位於工業區辦公大樓，在生產製造時無需耗用水資源（即無工業用水需求），僅須使用員工生活用水、而其來源均為市政供水，其取得及排放均依市政供水規定。",0.2772,員工生活用水,採用ISAE3000及ISAE3410進行確信,宣導節約用水
1111005,110,6412,群電,725699.4000,群電台北總公司、群電東莞廠、群電蘇州廠、群電重慶廠、群電泰國廠,0.0179,營業額,N,用水減量目標以2019年為基準年，每年總使用量與公司總產值之比值較前一年度至少降低3%，至2025年預計減少16.7%
1111005,110,6414,樺漢,3272.0000,僅母公司,,,N,"樺漢科技雖處於北部僅有辦公室活動，生活用水量不多，但為培養同仁環保意識，透過日常宣導同仁省水觀念，儘量減少水資源的浪費，以符合本公司提升水資源使用效率之環境政策內容。
108年: 3104度
109年: 3122度(YoY + 0.58%)：(註：水量YoY較前年增加是因應台灣COVID疫情，促進員工個人衛生，有效控制疫情發散)
110年: 3272度(YoY + 4.80%)：(註：水量YoY較前年增加是因應台灣COVID疫情，促進員工個人衛生，有效控制疫情發散)
減量目標YoY年減≧1%"
1111005,110,6415,矽力*-KY,12879.0000,母公司包含杭州子公司(重要子公司),59.8900,營業額,N,矽力杰為提升水資源之使用效率，以節約和保護水資源為重點，強化用水需求和用水流程管理，透過健全制度來落實責任、嚴格控制用水總量、保障供水安全，以全面提高用水效率。同時，透過於公共用水處張貼節水標語，及日常用水減量之管理手法提升節水率。
1111005,110,6416,瑞祺電通,5.8000,母公司,3.5859,營業額,N,請詳年報說明
1111005,110,6431,光麗-KY,,,,,N,減少廢水排放達一定目標
1111005,110,6438,迅得,6117.0000,僅母公司,0.0000,營業額,N,無資料
1111005,110,6442,光聖,18942.0000,僅母公司,,,N,無資料
1111005,110,6443,元晶,371000.0000,110年新竹廠用水統計,736.5200,單位：MW,N,用水量減少6%為目標
1111005,110,6449,鈺邦,,,,,N,汙水排放符合標準
1111005,110,6451,訊芯-KY,534279.0000,2021.1~2021.12訊芯電子科技(中山)有限公司及訊芸電子科技(中山)有限公司之廣東省中山市廠區,4.2500,噸/萬元產值，訊芯電子科技(中山)有限公司及訊芸電子科技(中山)有限公司之廣東省中山市廠區,N,水資源三級計量管理，對主要用水點進行精細化管理，節水減量目標5%。
1111005,110,6456,GIS-KY,2028467.0000,所有廠區及子公司，不包含於2021年初期營運之業泓台灣公司,14.6000,百萬營業額,N,2022年目標用水密集度相比2021年降低2%。
1111005,110,6464,台數科,1.0300,僅母公司,,,N,目前無
1111005,110,6477,安集,18717.0000,20210101-20211231,0.0190,m3/ 百萬台幣,N,"因應製程為少量用水，節約用水政策著重於員工日常用水，就員工日常落實宣導節約用水、更換省水馬桶。
本公司設定以2019年為基準年，預定在2023年達成總用水量以減少5%為目標。"
1111005,110,6491,晶碩,323400.0000,晶碩大溪廠及龜山廠,0.0000,每百萬單位產品用水量436公噸,N,"對水資源以「減量、回收、再利用」為主要思考，並推動各項節水措施以提升水資源利用效率。
民國一一○年每百萬單位產品用水量，較基準年民國一○八年下降48%，較前一年度下降34%。公司除已規劃在興建中之大溪廠建置雨水回收系統外，民國一一一年亦將增設龜山廠製成水回收系統，目標提升龜山廠7%之水回收率。"
1111005,110,6504,南六,327866.0000,110/1/1-110/12/31,,,N,減少水源耗用，降低用水依賴度，有效循環與分流管理，提高水資源回收效率
1111005,110,6505,台塑化,2213182971.0000,母公司,3569.0000,百萬營業額,ISO 14046:2014,依循源頭管理、製程減廢、回收利用及末端管制之原則做好資源管理，並積極推動並確實執行各項節水、廢水回收及廢棄物管理計畫，確保使環境衝擊降至最低。
1111005,110,6515,穎崴,,,,,N,無資料
1111005,110,6525,捷敏-KY,190596.0000,包含合併財務報表之子公司,0.0346,產品,N,本公司將持續採取相關措施，致力於用水量減量。
1111005,110,6531,愛普*,,,,,N,尚未有具體規劃
1111005,110,6533,晶心科,1942.0000,僅母公司,,,N,為降低溫室氣體效應對環境的衝擊，以每年減少用水量 2%為目標。
1111005,110,6541,泰福-KY,,,,,N,公司目前正規畫ESG相關議題量，待明年出具ESG報告將撰寫完整政策
1111005,110,6550,北極星藥業-KY,,,,,N,無資料
1111005,110,6552,易華電,560329.0000,易華公司,0.0009,產品,N,"本公司落實水資源回收再利用之政策，即利用製程淨化後之廢水，回收至冷卻水塔循環後再供應廁所沖水使用。
本公司利用RO產出之廢水回收至冷卻水塔循環、廁所沖水使用、空污洗滌塔，達到省水效益"
1111005,110,6558,興能高,,,,,N,目前無水資源管理或減量目標
1111005,110,6573,虹揚-KY,,,,,N,尚在蒐集中
1111005,110,6579,研揚,4635.0000,僅母公司,4635.0000,營業額,N,4%
1111005,110,6581,鋼聯,58055.0000,僅母公司。,0.3890,服務,N,"鋼聯為有效善用水資源，將製程用水循環回收再利用，雨水貯留及製程廢水經前處理設施處理後，
回收作為製程造粒用水及廠區道路灑水與清洗用水。2021年水回收率達43%。
2021年初國內缺水事件，鋼聯執行節水計畫，並新增2座共20噸造粒回收水桶槽，
使2021年單位處理量之用水量大幅降低至0.389噸用水量/噸處理量。"
1111005,110,6582,申豐,286826.0000,母公司,2.1500,產品,N,持續製程和設備改善，提升水資源使用效率、放流水回收再利用、冷卻水塔加裝導電度控制，降低水資源的浪費、節水宣導等
1111005,110,6585,鼎基,77808.0000,母公司,77808.0000,營業額,N,"1.軟水再生水回收再利用
2.冷卻水塔排放水回收再利用"
1111005,110,6591,動力-KY,,,,,N,無資料
1111005,110,6592,和潤企業,,,,,N,和潤企業屬服務業辦公室類型，各營運據點用水僅供員工使用，用水量非大戶，不過仍藉由裝設節水器，以調節出水量，節省不必要之水資源浪費。2021年人均用水量13.5度較前年減少2.9度。
1111005,110,6598,ABC-KY,,,,,N,N/A
1111005,110,6605,帝寶,,,,,ISO 14001,無
1111005,110,6625,必應,,,,,N,暫無制訂相關政策
1111005,110,6641,基士德-KY,9031.0000,合併報表之子公司之一-川源(中國)平湖廠區,6.0611,百萬營業額,N,無資料
1111005,110,6655,科定,,,,,N,
1111005,110,6666,羅麗芬-KY,16980.0000,子公司嘉文麗（福建）化妝品有限公司,0.0149,產品,N,本公司以單位產值之各項排放資料做為衡量之基準，設定保守目標為符合所在地政府相關規範，以及積極目標為每年單位產值排放/使用量下降 3~5%作為公司環境永續目標。
1111005,110,6668,中揚光,35708.0000,110/1/1~110/12/31的用水噸數,5.9200,營業額,N,回收MAU機台冷凝水，補充至CT機台
1111005,110,6669,緯穎,124233.0000,母公司及及全球有製造廠區的子公司（墨西哥子公司Wiwynn Mexico S.A. de C.V，簡稱WYMX),26.2927,員工人數(母公司及WYMX),N,主要為民生用水，於用水處張貼標語宣導節約用水，以及在廠區裝置雨水回收設備供雜用水使用，有效利用水資源。
1111005,110,6670,復盛應用,119783.0000,桃園廠,119783.0000,產品,N,以2021年為基礎，透過導入與使用再生水系統降低自來水使用量，持續改善至2025年降低自來水使用量20%，讓年使用量由11.9萬→9.5萬噸。
1111005,110,6671,三能-KY,,,,,N,無資料
1111005,110,6672,騰輝電子-KY,207160.0000,合併財務報表之子公司生產型廠區,0.0270,千元營業額,N,訂立節水目標，透過日常管理及巡檢，發掘可行節水措施並持續推動各項節水方案，落實節水成效
1111005,110,6674,鋐寶科技,49850.9000,母公司,,,N,"鋐寶科技所用之水源，100% 來自於當地自來水廠，未直接汲取地下水及河川水，供應辦公室員工生活用水，產生之生活污水由台元科技園區管委會處理後排入市區公共衛生下水道，未有顯著之環境污
染影響。"
1111005,110,6691,洋基工程,,,,,N,製作節水標語，提醒同仁珍惜水資源
1111005,110,6698,旭暉應材,40227.0000,僅母公司,,,N,無
1111005,110,6706,惠特,31167.0000,僅母公司,0.0055,營業額,N,"1.建置冷凝水回收系統用於冷卻水循環，或用於日常沖廁。
2.洗手面盆裝置節水器，節省洗手用水量。
3.每日巡查水錶用水量，防範用水超量或管路洩漏。
4.導入冷卻水加藥系統提升冷卻水濃縮倍數，降低排放水量。
減量目標以去年同期(月)減少1%為目標。"
1111005,110,6715,嘉基,20802.6300,母公司及合併財務報表之大陸地區子公司,,,N,節約用水宣導及標示
1111005,110,6719,力智,,,,,N,暫無訂定相關政策
1111005,110,6743,安普新,,,,,N,本公司評估規劃中
1111005,110,6754,匯僑設計,,,,,N,公司將在2023年揭露永續報告書，目前無資料
1111005,110,6756,威鋒電子,2681.0000,母公司,,,N,每年減少1%
1111005,110,6768,志強-KY,765.0000,僅台灣母公司辦公大樓。,,,N,辦公大樓生活用水使用量已達低標極限。
1111005,110,6770,力積電,6030552.0000,母公司,67.0200,產品,CSR驗證,"1.製程用水回收率85.6%。
2. 廢水排放率67.5%。
3. 單位晶圓面積超純水用量較2015年減少5%。"
1111005,110,6776,展碁國際,7467.0000,包含合併財務報表之母子公司,0.3500,百萬營業額,N,"1、減量目標：相較2020年，總用水量降低1%。
2、為能順利達成目標，藉由系統化管理蒐集用水數據及變化趨勢，每年審視目標達成狀況。
3、鼓勵各辦公區推行水資源回收再使用、改善用水設備、強化用水管理等節水措施。"
1111005,110,6781,AES-KY,20.7420,嘉普+兆普,57.9400,人均用水量(公升),N,用水主要為員工生活用水，已全面採用節水設備，不斷加強迴圈利用，水資源回收等措施進行節水管理，同時日常加強對節水的宣傳，讓節水意識深入每位員工。
1111005,110,6789,采鈺,351715000.0000,采鈺新竹廠,16.3400,公升/ 8吋晶圓當量-層,N,"採用世界資源研究所（World Resources Institute, WRI）的水風險評鑑工具，以供應水量、環境排放水質、法規與聲譽風險為關鍵指標，鑑別廠區所在區域之水風險；采鈺公司廠區所在地之評鑑結果皆屬中低風險。藉由力行「實施用水計畫、尋求機會節約用水、控制污染渠道」三大策略及具體作為，積極實踐水資源風險管理"
1111005,110,6790,永豐實,1410410.0000,臺灣紙品工廠：楊梅廠、清水廠,13.6500,產品,ISO 14001,"管理政策: 各廠依照ISO 14001環境管理系統為基礎進行水資源管理，評估若因停/缺水對生產及製程造成限制的風險，並利用 World Resources Institute 工具評估各廠區水資源壓力。透過日常管理與監控，達成用水量最佳化的管控，有效管控因水管老化或其他原因造成的漏水及支出浪費。同時，藉由增設回收水殺菌設備及提升汙水處理廠生物池濃度，增加回收水使用率，達到降減用水量的目標。台灣區紙品生產工廠排放水皆符合或優於法令之放流水標準。
減量指標: 本公司設定每年用水量減量目標，台灣區紙品生產工廠設定每噸紙之單位排水減量至 10 噸水以下。同時致力於最大化水的使用次數、最小化水的使用噸數、製程用水重複循環使用率。"
1111005,110,6792,詠業,24221.0000,母公司,,,N,本公司詠智廠區製程用水全回收再利用，規畫詠榮廠跟進廢水回收再利用工程。
1111005,110,6796,晉弘,,,,,N,尚無相關政策
1111005,110,6799,來頡,285.0000,母公司,0.2702,營業額單位為佰萬元,N,相較前一年節省1%
1111005,110,6806,森崴能源,3763.0000,僅母公司,35.8400,平均每人使用量,N,目標以平均每人使用量減少5％
1111005,110,6807,峰源-KY,,,,,N,人均日用水量小於0.1噸
1111005,110,8011,台通,,,,,N,尚未訂定
1111005,110,8016,矽創,,,,,N,無
1111005,110,8021,尖點,28247.0000,僅母公司,0.0001,產品,N,"1.持續量測與監控直接營運之水資源使用情形
2.提高營運用水效率化與降低
3.密切注意國際環保趨勢，依營運需求制定相關措施
4.製程用水密集度在2022年達成較基準年下降22%為目標"
1111005,110,8028,昇陽半導體,769184.0000,僅母公司,0.1440,產品,N,單位產品自來水用量較前一年度減少10%以上
1111005,110,8033,雷虎,3031.2000,110年1月-110年12月,0.0248,營業額以仟元計算,N,尚未制定
1111005,110,8039,台虹,86206.0000,母公司,2.4019,產品,N,"主要用水為空調冷卻用水，其他則為員工民生用水、消防用水及蝕刻實驗室用水。目前用水皆為自來水,將NMP
純化系統冷凝水回收至真空系統使用，減少自來水使用量。"
1111005,110,8046,南電,5480000.0000,母公司,80.7000,噸/百萬營業額,N,"1.增設水回收系統減少外購水使用。
2.持續推動節水改善提案。"
1111005,110,8070,長華*,1789952.0000,包含合併財務報表之母子公司,0.0866,營業額,N,"廠區節約用水措施
1.中水回收系統-製程回收水並再利用
珍惜水資源，各廠區陸續設置「中水回收系統」，將產線中達一定水質之生產用水進行回收再利用，主要針對用水量較大之洗淨與電鍍製程，透過回收次級水並再進行處理，讓公司整體內部水循環達到一定標準，藉此降低原水之供應量，達到大幅降低水資源之目的。
2.純水回收系統-純水製程回收再利用。
3.機台省水設計。"
1111005,110,8072,陞泰,,,,,N,無資料
1111005,110,8081,致新,9186.0000,母公司,1.1600,營業額,N,無資料
1111005,110,8101,華冠,,,,,N,宣導同仁節約用水，並回收再利用
1111005,110,8103,瀚荃,,,,,N,瀚荃公司生產過程，無製程廢水，水資源利用於一般生活用水，所產生之汙水納入政府所設汙水下水道管理系統，在節省水資源策略以逐步使用節水設施及員工生活習慣宣導，以達節約用水目標。
1111005,110,8104,錸寶,167753.0000,母公司-錸寶,103.5900,營業額,N,無資料
1111005,110,8105,凌巨,2849321.0000,母公司及子公司KGO,,,N,製程水回收使用
1111005,110,8110,華東,1043123.0000,僅母公司，110年1月~110年12月,0.0006,產品,N,用水回收率由20%提升到50%
1111005,110,8112,至上,,,,,N,"於茶水間、拖布間水龍頭裝設節水墊片,避免水資源浪費,110年度已較109年度碳排放量減少25.76%"
1111005,110,8114,振樺電,14423.0000,110年1月~12月,546.7400,每億營業額,N,"生活用水出水量調降，蓄水池止水開關及馬桶水箱止閥定期巡檢、
冷卻水塔用水量監控"
1111005,110,8131,福懋科,1923909.0000,母公司,0.9901,產品,N,推動製程用水回收及雨水回收，減少水資源使用。
1111005,110,8150,南茂,1798515.0000,母公司(台灣六個廠區),65.6400,百萬營業額,N,"本公司台南廠自97年導入製程回收水設備，並透過與設備商及外部機構技術合作，興建製程水回收廠為汲取工廠切割製程排放水，歷年來持續執行相關節水方案，110年製程水回收達1,231,564公噸。"
1111005,110,8163,達方,526306.0000,台灣廠區+中國廠區,26.3974,百萬營業額,N,單位營業額用水量相較前一年度降低1%以上。
1111005,110,8201,無敵,,,,,N,辦公室日常用水使用感應節水龍頭、降低出水量，及使用省水馬桶。
1111005,110,8210,勤誠,153360.0000,母公司+子公司工廠,0.0160,營業額,N,NA
1111005,110,8213,志超,722756.0000,僅母公司,1825.1400,(度/人),N,"(1)設備加裝省水省電裝置，無生產時自動關閉電源及水源。
(2)管控現場單位用水，超標時立即通知該單位。"
1111005,110,8215,明基材,451700.0000,桃園廠區、雲林廠區及大陸廠區,2.7400,百萬公升/億元營業額,N,取水量密集度相較2020年降低3%。
1111005,110,8222,寶一,12233.0000,目前無相關資料,,,N,目前無相關資料
1111005,110,8249,菱光,1072.0000,母公司,,,N,無資料
1111005,110,8261,富鼎,2688.4100,僅母公司,21.0000,服務,N,每年節水1%
1111005,110,8271,宇瞻,9180.0000,僅母公司,0.0010,營業額,N,宇瞻(Apacer)藉由ISO 14001環境管理系統驗證，建立污染預防與改善機制、節約能源使用，降低企業營運的環境衝擊。公司內部的資源使用以營運總部的生活用水為主，產品的製造過程不需用水，故無產生營業用廢水。
1111005,110,8341,日友,288030.0000,母公司(雲林廠及彰濱廠),10.8350,焚化量,N,"以2019年及2020年平均用水量為基準年，預定於2022年達到每公噸
廢棄物焚化處理之用水量減量1%為目標。"
1111005,110,8367,建新國際,17962.0000,僅母公司,11.2900,百萬營業額,N,"本公司僅有生活用水,選購省水標章商品並宣導員工珍惜水資源"
1111005,110,8374,羅昇,429.0000,新北辦公室,,,N,本公司致力於持續開發綠能、節能產品，積極提供客戶自動化解決方案等服務降低產品對環境衝擊，並積極向全體員工宣導節能減碳、節能省水，積極降低人均用水量並落實資源回收管理，宣導紙張重複利用，致力於提升各項資源之節省與再生利用以提昇運用效率。
1111005,110,8404,百和興業-KY,987125.0000,江蘇百宏複合材料科技股份有限公司(原公司名稱:無錫百和織造股份有限公司)、東莞百宏實業有限公司、越南百宏責任有限公司,,,N,"本公司多年來致力水資源再利用，包括製
程節水回收、其他節水回收，以降低對環境的影響。公司將持續以善
盡水資源之利用效率作為長期目標。"
1111005,110,8411,福貞-KY,800468.0000,集團所屬生產基地,,,N,本公司所在營運基地皆配合當地主管機關政策，實施水資源管理，並透過與各地資源管理單位合作，監控實施用水量管理；以及透過自建水處理系統，最大程度循環利用水資源，並透過定期檢驗廢水排放量，確認符合各地法規，並將氣候變遷影響納入決策考量，在製程的改善、產能的新增、與設備之的汰舊換新，盡可能滿足企業經營必需衡量的成本效益，與中長期環保、節能等議題。
1111005,110,8422,可寧衛,42784.0000,可寧衛、吉衛、大寧(股)公司,0.2754,公噸廢棄物處理量,N,2025年製程用水使用回收水比例達72%；掩埋廠廢水排放較基準年減少95%
1111005,110,8429,金麗-KY,15534.0000,合併財務報表之母子公司,,,N,無資料
1111005,110,8438,昶昕,22123.0000,大園廠、大園一廠、海湖廠、含銅廢液處理廠、蘆竹廠,,,N,制定有效節水及減量回收措施(製程用水減量、中水回用)，並強化員工用水思源的觀念和意識。
1111005,110,8442,威宏-KY,,,,,N,NA
1111005,110,8443,阿瘦,16861.0000,僅母公司,,,N,節約用水，避免浪費
1111005,110,8454,富邦媒,48810.0000,2021年揭露範圍：總部大樓、北區物流中心、4個主倉(蘆竹、林口、蘆四、南工),17.6200,員工用水密集度：當年度用水量(度) / 當年度年底總部總雇用人數、北區物流中心、4個主倉(蘆竹、林口、蘆四、南工)實際常駐人數(含派遣公司進駐人員),N,採用感應式水龍頭外，並定期公告宣導員工節水行動
1111005,110,8462,柏文,467637.0000,包含合併財務報表之母子公司,179.4463,百萬營業額,N,無
1111005,110,8463,潤泰材,581735.0000,宜蘭冬山廠冷卻用水,,,N,"持續投入製程用水減量及雨水回收使用，以達到有效再利
用水資源。"
1111005,110,8464,億豐,,,,,N,"善用製程冷卻水循環再利用系統，部分製程再利用比例可達99%。
工廠管線檢查漏水並即時維修、止漏。
工廠宣導節約用水。"
1111005,110,8466,美吉吉-KY,,,,,N,研議中
1111005,110,8467,波力-KY,186598.0000,2021年,,,N,減少30%
1111005,110,8473,山林水,,,,,N,加強宣導節約用水並適當利用廢水與使用環保洗劑
1111005,110,8478,東哥遊艇,7434.0000,僅母公司,354.0000,總用水量( 公噸) / 營收( 億元),N,無資料
1111005,110,8480,泰昇-KY,31081.0000,集團所有生產廠區,0.0669,1000片產品,"當地政府對水資源排放至標準，如越南QCVN 40:2009/BTNMT,B&#26639;",本公司之用水量主要為生活用途，本公司規劃持續更換供水設備來標準化用水量，定期檢查及維修損壞之供水設備
1111005,110,8481,政伸,15329.0000,僅母公司,16.4474,百萬營業額,N,110年報-第38-40頁
1111005,110,8482,商億-KY,,,,,N,無
1111005,110,8488,吉源-KY,,,,,N,NA
1111005,110,8499,鼎炫-KY,,,,,N,尚未訂定
1111005,110,8926,台汽電,960000.0000,台灣汽電共生股份有限公司 官田汽電共生廠,,,N,"台汽電官田廠用水來源主要為自來水公司，部分水源為烏山頭水庫，每
年用水約耗用100萬公噸，其中60-70％為自來水，22-30％來自烏山頭水
庫，其餘用水來自廠內回收水與售汽予客戶後再回收之冷凝水，在未售
汽的狀況下，製程中99％蒸汽可全數冷凝循環使用，珍惜水資源。本公
司已於111年訂定水資源管理政策，作為水資源管理的最高指導原則，落
實環境永續理念。"
1111005,110,8940,新天地,,,,,N,無資料
1111005,110,8996,高力,8229.0000,母公司,3.6900,百萬營業額,N,無資料
1111005,110,9802,鈺齊-KY,618365.0000,合併財務報表之母子公司,,,N,本公司致力於廢水減量目標，各生產基地廢水排放已符合當地法令所規定的排放標準。製程中在原有蒸氣冷凝水回收系統基礎上加以改進，藉以提高回收及使用率。另外不定期向員工宣導節水相關資訊。廠務人員定期巡檢廠區內各用水設備及管線，防止漏水情況發生，持續落實日常節水與缺水調適。
1111005,110,9902,台火,,,,,N,規劃中
1111005,110,9904,寶成,14216800.0000,本公司製鞋廠區,,,N,在製鞋價值鏈上，鞋面材料供應來源的織布物料染整處理程序，是製鞋價值鏈中較具高耗水、高污染特性的水資源衝擊影響。製鞋屬低耗水的生產製程，廠區在水資源的使用上，大部分是供應廠區員工民生用水使用，少部分為鞋底製程所需。因應利害關係人對於員工飲用水安全衛生管理與國際永續趨勢對水資源的關注，本公司在水資源管理政策上，依循零廢棄之永續願景目標，除確保提供符合法規水質標準的安全用水與處理排放水均符合當地法規管制標準外，中長期計畫目標亦朝向逐步提升廠內水資源的重複再利用率，避免過度耗損自然水資源而努力。
1111005,110,9905,大華,100007.0000,母公司,37.0262,百萬營業額,N,減量3%/年
1111005,110,9906,欣巴巴,,,,,N,無資料
1111005,110,9907,統一實,1243739.0000,用水量為台灣總公司之總取水量,1.2900,產品,N,公司水資源使用，主要生產製程中作為生產運作及清洗用途，策略著重節流及緊急應變等方向出發，並由能源管理委員會定期討論水資源相關議題、擬定政策與檢視節水績效，並透過公告宣導等方式，讓同仁將節水觀念融入生產及辦公運作細節中。
1111005,110,9908,大台北,15726.0000,母公司自有大樓及辦公場所,0.5072,營業額每10萬元,N,"1.大樓服務處每年宣導節約用水措施。
2.洗手間及茶水間全面採行節水措施，調整每次馬桶的沖水量，水龍頭每次出水量在可使用範圍內。
3.張貼節水標語及用水設備管理。"
1111005,110,9910,豐泰,1657513.0000,包含合併財務報表之母子公司,0.0133,每雙鞋,N,以2018為基準年，計畫於2025年達成每雙鞋平均用水量減少25%。
1111005,110,9911,櫻花,12.0000,僅母公司,,,N,參閱本公司官方網站企業社會責任專區之2021企業永續發展報告書
1111005,110,9912,偉聯,,,,,N,本公司位於南港軟體工業園區，相關統計過去用水量數據，皆由南港軟體工業園區管理委員會管理控制，並曾獲台北市商業大樓節能標示。
1111005,110,9914,美利達,118641.0000,僅母公司,5.0626,營業額單位為佰萬元,N,廢水處理高效能及提升放流水水質，建立源頭管制原物料記錄、製程廢水排放申請制度，有效管控進入廢水場之水質穩定，利用製程酸鹼廢液為廢水場調整劑，減少廢水添加藥劑使用。在節能減碳組織運作下，執行下列水資源減量管理：1.定期巡查管道有無漏水、2.製程設備用水標準化、3.製程設備漏水定期稽查、4.日常生活用水節水裝置。
1111005,110,9917,中保科,52006.0000,母公司,7.2431,計算標準:排放量/每百萬元營收,N,民生用水未設定
1111005,110,9918,欣天然,1840.0000,欣欣大樓,1840.0000,營業額,N,加強節約用水宣導，更新省水裝置。
1111005,110,9919,康那香,226983.0000,僅個體公司所有製造廠區(不含分公司),19.2200,產量(噸),N,規劃中
1111005,110,9921,巨大,211100.0000,僅母公司日南廠,0.0184,單台,N,每日1500噸減為1000噸
1111005,110,9924,福興,50923.0000,僅母公司,10.1846,百萬營業額,N,"持續推動節水措施及製程回收水研發與改善，並以符合環保標準量為目標。（總回收水量目標2,702噸則以2019年為基準）"
1111005,110,9925,新保,5807.0000,母公司,,,N,無
1111005,110,9926,新海,7411.0000,僅本公司,,,N,透過管路建置規劃與設計，將辦公室屋頂降下的雨水及蒸汽冷凝水，收集到雨水儲槽或整壓站用水儲槽，再利用於沖廁、澆花或清洗馬路等用途。
1111005,110,9927,泰銘,29629.0000,全廠,0.9848,產品,N,部份製程使用回收水
1111005,110,9928,中視,,,,,N,不適用。
1111005,110,9929,秋雨,9600.0000,僅母公司,,,N,規劃中
1111005,110,9930,中聯資源,220000.0000,僅母公司,22.2525,公噸/百萬營業額,N,節約用水、提升廢水回收再使用率。
1111005,110,9931,欣高,,,,,N,不適用
1111005,110,9933,中鼎,192542.0000,中鼎總部大樓加上全球工地用水量,8346.2437,百萬工時,N,"水資源減量目標：2022年總部大樓17,391立方公尺；全球工地514,463立方公尺。使用自動感應水龍頭設備以減少水資源的耗用，並藉由控制出水量與出水時間來節約用水外；亦製作許多節水標語，隨時提醒同仁節約用水。大樓頂樓與工地皆設置雨水回收系統，提供開放空間綠植栽噴灌或是施工時使用。設定總部大樓生活用水列入效率提升目標，亦制定建造施工過程減少用水之措施，並量化水的回收與節省量：包括目前使用的沉澱池回收雨水及地表逕流水、桶槽洩漏試驗儲水再利用及試壓水回收利用等。"
1111005,110,9934,成霖,3963.0000,母公司,,,N,用水效率極大化
1111005,110,9935,慶豐富,21012.0000,僅母公司,0.0044,營業額,N,無資料
1111005,110,9937,全國,394051.0000,涵蓋本公司所有營運據點及同為經營加油站之子公司埔祥開發(股)公司及上員(股)公司,0.1189,公噸/單位洗車用水量,N,於洗車機設備加裝廢水回收設備，廢水淨化再利用。
1111005,110,9938,百和,30674.4127,台灣百和工業股份有限公司,3.8558,產品,N,導入ISO 50001管理系統，執行節能方案
1111005,110,9939,宏全,1580417.0000,僅母公司,,,N,"管理:
1.推動水循環方案減少耗用，提升水資源利用率並降低污染排放。提升水回收比率及廢水無污染排放。
2.包材事業體將推動冷卻水回收循環利用，飲料事業體將安排清潔生產與節水之輔導計畫。
3.各廠導入ISO 14001環境管理系統、ISO 46001水資源管理系統
4.各廠區產出廢水以化學混凝與生物處理方式降低水中污染物，達放流水標準後，再納管進入加工出口
區的下水道收集排放。
短期目標:
1.提升飲料事業體廠區回收水量10%。
2.設置冷卻水塔排水回收設施。
3.配合客戶、政府要求達到節水目標要求參加清潔生產、節水輔導計畫。
中期目標:
1.ISO 46001 水資源管理驗證。
2.持續發展廠內其他水回收機會，提升水再利用率。
長期目標:
與區內其他單位合作，發展作為再生水供水來源。"
1111005,110,9940,信義,73026.0000,信義房屋股份有限公司,14.3400,員工人數,ISO46001,-
1111005,110,9941,裕融,7636.0000,母公司+子公司新鑫、裕富數位,6.1630,人,N,"水資源管理政策包括：
1.節省用水：使用感應裝置並調整出水量
2.空調節能：設定空調均溫、全面裝設窗簾及隔熱紙，避免冷氣逸散提升空調使用效率、定期清洗冷卻水塔及回風濾網
3.教育訓練與宣導：於辦公室、茶水間、廁所、樓梯等公共空間張貼節約用水的標語
已訂定2022年水資源人均用水量較前一年度減少1%為目標。"
1111005,110,9942,茂順,,,,,N,無資料
1111005,110,9943,好樂迪,264264.0000,全省門市,157.1218,用水密集度(264264)/其他-營收百萬元(1682),N,NA
1111005,110,9944,新麗,9848.0000,新麗八德廠,10.7066,產品,N,待盤查完畢再行訂定政策
1111005,110,9945,潤泰新,581735.0000,冬山廠(子公司)冷卻用水,,,N,詳年報
1111005,110,9946,三發地產,,,,,N,無
1111005,110,9955,佳龍,14216.0000,包含合併財務報表之母子公司,,,N,"水資源管理
(1)加強宣導節約用水及評估省水措施。
(2)用水採以負成長或零成長為減量目標。"
1111005,110,9958,世紀鋼,14025.0000,桃園市觀音區中山路一段1119號,,,N,無
